brand,year,season,num,r,g,b,a
chanel,2021,spring,48,206,167,150,253
chanel,2021,spring,48,17,25,33,253
chanel,2021,spring,48,178,136,120,253
chanel,2021,spring,48,160,118,104,252
chanel,2021,spring,58,202,175,166,253
chanel,2021,spring,58,179,157,152,250
chanel,2021,spring,58,214,212,216,253
chanel,2021,spring,58,151,112,102,252
chanel,2018,fall,79,84,81,83,253
chanel,2018,fall,79,38,37,38,253
chanel,2018,fall,79,236,218,211,253
chanel,2018,fall,79,221,160,163,252
chanel,2018,fall,69,212,175,151,253
chanel,2018,fall,69,85,85,86,252
chanel,2018,fall,69,36,35,34,253
chanel,2018,fall,69,68,58,53,251
chanel,2018,spring,87,222,222,220,253
chanel,2018,spring,87,214,196,184,253
chanel,2018,spring,87,208,176,159,253
chanel,2018,spring,87,179,168,161,247
chanel,2020,spring,32,217,171,157,253
chanel,2020,spring,32,87,85,93,253
chanel,2020,spring,32,31,31,36,254
chanel,2020,spring,32,155,150,157,252
chanel,2020,spring,22,74,51,47,253
chanel,2020,spring,22,226,172,152,253
chanel,2020,spring,22,47,50,69,253
chanel,2020,spring,22,31,30,40,253
chanel,2019,spring,54,218,217,229,253
chanel,2019,spring,54,34,71,112,254
chanel,2019,spring,54,24,55,91,253
chanel,2019,spring,54,24,24,33,253
chanel,2019,spring,44,203,171,165,253
chanel,2019,spring,44,220,206,208,253
chanel,2019,spring,44,179,156,155,251
chanel,2019,spring,44,159,108,93,253
chanel,2020,fall,21,89,87,87,252
chanel,2020,fall,21,82,45,40,253
chanel,2020,fall,21,211,172,153,253
chanel,2020,fall,21,25,28,29,253
chanel,2020,fall,31,165,152,152,253
chanel,2020,fall,31,138,114,113,253
chanel,2020,fall,31,103,90,90,253
chanel,2020,fall,31,36,32,33,253
chanel,2020,fall,3,217,211,172,253
chanel,2020,fall,3,179,177,143,252
chanel,2020,fall,3,166,151,108,253
chanel,2020,fall,3,234,230,201,253
chanel,2018,spring,1,229,229,230,253
chanel,2018,spring,1,221,198,182,253
chanel,2018,spring,1,209,174,157,253
chanel,2018,spring,1,168,160,158,246
chanel,2020,fall,43,238,207,180,253
chanel,2020,fall,43,214,173,152,253
chanel,2020,fall,43,93,91,87,251
chanel,2020,fall,43,25,27,29,253
chanel,2020,fall,53,219,199,179,253
chanel,2020,fall,53,209,179,161,253
chanel,2020,fall,53,227,224,217,253
chanel,2020,fall,53,168,162,156,251
chanel,2019,spring,36,216,203,207,253
chanel,2019,spring,36,206,166,172,253
chanel,2019,spring,36,171,156,163,250
chanel,2019,spring,36,160,106,107,252
chanel,2019,spring,26,203,165,166,253
chanel,2019,spring,26,220,210,220,253
chanel,2019,spring,26,174,152,159,251
chanel,2019,spring,26,157,106,103,252
chanel,2020,spring,50,78,51,44,253
chanel,2020,spring,50,34,29,28,253
chanel,2020,spring,50,239,220,222,253
chanel,2020,spring,50,217,168,158,253
chanel,2019,fall,19,162,159,155,252
chanel,2019,fall,19,227,224,220,253
chanel,2019,fall,19,93,90,91,253
chanel,2019,fall,19,37,38,41,253
chanel,2020,spring,40,229,230,233,252
chanel,2020,spring,40,218,170,147,253
chanel,2020,spring,40,46,72,114,252
chanel,2020,spring,40,31,50,81,252
chanel,2019,fall,4,144,111,92,253
chanel,2019,fall,4,97,87,82,253
chanel,2019,fall,4,229,226,219,253
chanel,2019,fall,4,43,38,39,253
chanel,2018,spring,11,212,209,181,253
chanel,2018,spring,11,207,173,160,253
chanel,2018,spring,11,169,163,155,249
chanel,2018,spring,11,219,220,211,253
chanel,2019,fall,54,90,91,94,249
chanel,2019,fall,54,156,158,162,248
chanel,2019,fall,54,54,58,66,252
chanel,2019,fall,54,31,36,41,253
chanel,2019,fall,44,234,73,47,253
chanel,2019,fall,44,35,33,34,253
chanel,2019,fall,44,222,42,26,254
chanel,2019,fall,44,210,170,154,253
chanel,2020,spring,7,231,227,228,253
chanel,2020,spring,7,161,157,158,252
chanel,2020,spring,7,157,107,89,252
chanel,2020,spring,7,216,170,151,254
chanel,2021,spring,67,203,163,152,254
chanel,2021,spring,67,94,81,81,253
chanel,2021,spring,67,157,110,103,253
chanel,2021,spring,67,37,34,37,253
chanel,2018,fall,46,236,221,217,253
chanel,2018,fall,46,74,55,36,253
chanel,2018,fall,46,209,174,162,253
chanel,2018,fall,46,96,74,49,253
chanel,2018,fall,56,94,75,50,252
chanel,2018,fall,56,165,162,151,253
chanel,2018,fall,56,108,98,84,253
chanel,2018,fall,56,47,36,22,252
chanel,2018,fall,24,158,163,150,252
chanel,2018,fall,24,41,43,40,252
chanel,2018,fall,24,87,94,89,252
chanel,2018,fall,24,57,70,74,253
chanel,2018,fall,34,147,111,96,250
chanel,2018,fall,34,76,53,45,252
chanel,2018,fall,34,97,90,85,253
chanel,2018,fall,34,36,34,33,253
chanel,2021,spring,15,208,163,143,253
chanel,2021,spring,15,157,111,97,251
chanel,2021,spring,15,181,136,118,253
chanel,2021,spring,15,30,30,36,253
chanel,2019,fall,36,236,201,169,254
chanel,2019,fall,36,219,177,142,254
chanel,2019,fall,36,209,155,109,254
chanel,2019,fall,36,34,33,31,253
chanel,2018,fall,5,32,29,25,159
chanel,2018,fall,5,93,88,85,251
chanel,2018,fall,5,27,30,32,253
chanel,2019,spring,19,232,211,226,253
chanel,2019,spring,19,212,181,202,253
chanel,2019,spring,19,206,161,166,252
chanel,2019,spring,19,160,107,93,252
chanel,2018,spring,73,226,227,229,253
chanel,2018,spring,73,206,166,151,253
chanel,2018,spring,73,168,114,88,252
chanel,2018,spring,73,25,26,30,253
chanel,2018,spring,63,210,171,155,253
chanel,2018,spring,63,167,157,158,250
chanel,2018,spring,63,220,218,221,253
chanel,2018,spring,63,155,114,102,252
chanel,2018,spring,55,212,169,150,253
chanel,2018,spring,55,43,103,154,253
chanel,2018,spring,55,181,134,114,253
chanel,2018,spring,55,159,114,97,252
chanel,2018,spring,45,175,211,206,253
chanel,2018,spring,45,173,161,152,250
chanel,2018,spring,45,215,218,215,253
chanel,2018,spring,45,206,174,159,253
chanel,2019,fall,10,157,159,161,253
chanel,2019,fall,10,91,93,95,253
chanel,2019,fall,10,220,220,220,254
chanel,2019,fall,10,27,30,34,253
chanel,2020,spring,49,216,169,157,253
chanel,2020,spring,49,172,149,152,252
chanel,2020,spring,49,161,107,90,252
chanel,2020,spring,49,236,222,221,253
chanel,2020,spring,59,220,217,220,253
chanel,2020,spring,59,213,172,156,253
chanel,2020,spring,59,42,50,84,253
chanel,2020,spring,59,30,32,37,253
chanel,2021,spring,4,106,85,81,251
chanel,2021,spring,4,217,212,220,253
chanel,2021,spring,4,146,98,81,253
chanel,2021,spring,4,24,24,29,253
chanel,2018,fall,12,166,165,155,253
chanel,2018,fall,12,104,99,89,253
chanel,2018,fall,12,219,220,212,253
chanel,2018,fall,12,159,138,114,252
chanel,2021,spring,33,205,159,147,253
chanel,2021,spring,33,157,109,97,251
chanel,2021,spring,33,92,30,41,250
chanel,2021,spring,33,31,28,33,250
chanel,2021,spring,23,181,135,113,253
chanel,2021,spring,23,161,115,95,252
chanel,2021,spring,23,84,85,93,252
chanel,2021,spring,23,28,31,35,253
chanel,2021,spring,51,28,27,32,253
chanel,2021,spring,51,219,218,217,254
chanel,2021,spring,51,198,154,142,253
chanel,2021,spring,51,158,112,101,251
chanel,2021,spring,41,238,185,198,254
chanel,2021,spring,41,163,113,99,251
chanel,2021,spring,41,237,208,211,253
chanel,2021,spring,41,221,164,165,253
chanel,2018,fall,60,93,87,85,251
chanel,2018,fall,60,238,218,216,253
chanel,2018,fall,60,71,54,44,249
chanel,2018,fall,60,39,32,30,253
chanel,2018,fall,70,238,217,204,253
chanel,2018,fall,70,217,173,150,253
chanel,2018,fall,70,234,100,144,253
chanel,2018,fall,70,32,30,29,253
chanel,2019,fall,72,220,221,222,253
chanel,2019,fall,72,176,134,115,251
chanel,2019,fall,72,174,168,164,249
chanel,2019,fall,72,159,112,96,252
chanel,2019,fall,62,211,179,159,253
chanel,2019,fall,62,209,197,184,253
chanel,2019,fall,62,177,171,162,250
chanel,2019,fall,62,221,220,216,254
chanel,2020,fall,38,242,201,167,254
chanel,2020,fall,38,148,99,94,253
chanel,2020,fall,38,87,37,39,253
chanel,2020,fall,38,46,23,23,253
chanel,2020,spring,82,33,33,36,253
chanel,2020,spring,82,219,174,152,253
chanel,2020,spring,82,79,78,81,253
chanel,2020,spring,82,60,60,65,254
chanel,2020,fall,28,234,210,210,253
chanel,2020,fall,28,212,164,165,253
chanel,2020,fall,28,178,142,147,251
chanel,2020,fall,28,154,100,103,253
chanel,2018,spring,37,213,221,228,253
chanel,2018,spring,37,202,171,157,253
chanel,2018,spring,37,169,157,154,248
chanel,2018,spring,37,154,115,99,252
chanel,2018,spring,8,222,217,224,253
chanel,2018,spring,8,207,177,169,253
chanel,2018,spring,8,166,179,204,253
chanel,2018,spring,8,164,157,162,246
chanel,2018,spring,27,206,171,158,253
chanel,2018,spring,27,158,159,164,252
chanel,2018,spring,27,215,222,229,253
chanel,2018,spring,27,95,92,94,250
chanel,2020,spring,76,229,225,225,253
chanel,2020,spring,76,81,75,79,252
chanel,2020,spring,76,214,176,158,253
chanel,2020,spring,76,29,28,31,253
chanel,2020,spring,66,218,169,154,253
chanel,2020,spring,66,76,53,45,253
chanel,2020,spring,66,30,29,32,253
chanel,2020,spring,66,83,80,83,251
chanel,2020,fall,65,224,227,226,253
chanel,2020,fall,65,189,193,195,253
chanel,2020,fall,65,175,180,180,247
chanel,2020,fall,65,50,44,39,228
chanel,2019,spring,2,213,169,152,253
chanel,2019,spring,2,179,137,111,253
chanel,2019,spring,2,229,198,179,253
chanel,2019,spring,2,158,112,95,252
chanel,2019,spring,10,243,221,225,253
chanel,2019,spring,10,216,164,159,253
chanel,2019,spring,10,157,106,92,253
chanel,2019,spring,10,45,30,29,250
chanel,2018,spring,18,219,221,220,253
chanel,2018,spring,18,155,161,164,251
chanel,2018,spring,18,87,94,100,252
chanel,2018,spring,18,27,34,41,253
chanel,2019,spring,72,221,159,143,253
chanel,2019,spring,72,206,137,118,253
chanel,2019,spring,72,166,112,99,251
chanel,2019,spring,72,27,24,42,253
chanel,2019,spring,62,209,161,152,253
chanel,2019,spring,62,156,107,96,252
chanel,2019,spring,62,35,29,34,253
chanel,2019,spring,62,216,210,217,254
chanel,2020,fall,17,228,153,145,252
chanel,2020,fall,17,239,98,107,253
chanel,2020,fall,17,162,28,48,253
chanel,2020,fall,17,18,22,30,252
chanel,2020,spring,14,90,89,92,252
chanel,2020,spring,14,226,222,226,252
chanel,2020,spring,14,155,154,158,252
chanel,2020,spring,14,29,28,30,253
chanel,2021,spring,5,218,201,216,253
chanel,2021,spring,5,158,105,84,253
chanel,2021,spring,5,153,154,174,249
chanel,2021,spring,5,30,28,30,252
chanel,2020,spring,58,89,83,97,252
chanel,2020,spring,58,44,53,86,253
chanel,2020,spring,58,226,224,227,253
chanel,2020,spring,58,29,30,35,253
chanel,2019,fall,11,155,159,161,253
chanel,2019,fall,11,90,95,98,252
chanel,2019,fall,11,47,54,69,253
chanel,2019,fall,11,29,36,46,253
chanel,2020,spring,48,220,161,164,253
chanel,2020,spring,48,229,212,220,253
chanel,2020,spring,48,79,52,42,253
chanel,2020,spring,48,32,28,29,253
chanel,2021,spring,22,202,41,52,254
chanel,2021,spring,22,163,109,94,252
chanel,2021,spring,22,106,11,18,252
chanel,2021,spring,22,163,14,36,253
chanel,2021,spring,32,200,159,141,254
chanel,2021,spring,32,181,137,116,253
chanel,2021,spring,32,166,155,160,250
chanel,2021,spring,32,25,27,32,253
chanel,2018,fall,13,77,53,29,251
chanel,2018,fall,13,30,29,29,253
chanel,2018,fall,13,99,74,44,251
chanel,2018,fall,13,97,88,79,250
chanel,2018,spring,44,218,219,221,253
chanel,2018,spring,44,221,196,180,253
chanel,2018,spring,44,211,178,161,253
chanel,2018,spring,44,171,168,165,248
chanel,2018,spring,54,156,179,201,253
chanel,2018,spring,54,212,216,220,253
chanel,2018,spring,54,210,168,151,253
chanel,2018,spring,54,162,160,163,250
chanel,2020,spring,83,28,29,32,253
chanel,2020,spring,83,217,172,150,253
chanel,2020,spring,83,158,112,81,253
chanel,2020,spring,83,88,88,91,253
chanel,2020,fall,29,158,159,157,253
chanel,2020,fall,29,32,31,30,254
chanel,2020,fall,29,210,208,203,253
chanel,2020,fall,29,102,102,103,253
chanel,2020,fall,39,159,159,160,253
chanel,2020,fall,39,98,97,99,253
chanel,2020,fall,39,37,35,35,253
chanel,2020,fall,39,237,204,172,253
chanel,2018,spring,26,160,157,157,251
chanel,2018,spring,26,93,91,92,252
chanel,2018,spring,26,28,33,36,253
chanel,2018,spring,26,206,172,157,253
chanel,2018,spring,36,214,218,224,253
chanel,2018,spring,36,201,170,157,253
chanel,2018,spring,36,172,156,155,249
chanel,2018,spring,36,152,112,95,252
chanel,2018,spring,9,13,81,163,253
chanel,2018,spring,9,229,222,233,253
chanel,2018,spring,9,211,176,160,253
chanel,2018,spring,9,14,92,209,253
chanel,2018,fall,71,247,105,82,253
chanel,2018,fall,71,83,83,85,252
chanel,2018,fall,71,215,146,109,253
chanel,2018,fall,71,36,36,37,253
chanel,2018,fall,61,76,51,38,252
chanel,2018,fall,61,51,57,66,253
chanel,2018,fall,61,93,86,84,252
chanel,2018,fall,61,30,30,32,253
chanel,2021,spring,40,157,111,98,252
chanel,2021,spring,40,228,212,213,253
chanel,2021,spring,40,221,158,161,253
chanel,2021,spring,40,179,134,118,253
chanel,2021,spring,50,199,173,159,253
chanel,2021,spring,50,214,212,210,253
chanel,2021,spring,50,175,136,118,253
chanel,2021,spring,50,154,112,98,252
chanel,2019,fall,63,210,197,184,253
chanel,2019,fall,63,225,226,225,253
chanel,2019,fall,63,215,172,152,253
chanel,2019,fall,63,174,172,163,247
chanel,2019,fall,73,239,236,229,250
chanel,2019,fall,73,210,172,154,233
chanel,2019,fall,73,157,154,150,169
chanel,2019,fall,73,33,38,42,251
chanel,2019,spring,11,224,209,221,253
chanel,2019,spring,11,222,158,159,253
chanel,2019,spring,11,219,174,208,253
chanel,2019,spring,11,163,106,94,252
chanel,2019,spring,3,231,212,212,253
chanel,2019,spring,3,210,172,157,254
chanel,2019,spring,3,155,110,96,252
chanel,2019,spring,3,12,10,17,253
chanel,2020,fall,64,179,175,172,250
chanel,2020,fall,64,222,222,219,253
chanel,2020,fall,64,87,88,85,250
chanel,2020,fall,64,19,24,26,253
chanel,2020,spring,67,152,107,85,253
chanel,2020,spring,67,76,53,44,253
chanel,2020,spring,67,93,84,86,252
chanel,2020,spring,67,29,28,33,253
chanel,2020,spring,77,236,200,180,254
chanel,2020,spring,77,228,222,221,254
chanel,2020,spring,77,217,172,148,253
chanel,2020,spring,77,32,32,34,253
chanel,2020,spring,15,225,221,223,253
chanel,2020,spring,15,158,157,160,252
chanel,2020,spring,15,92,90,93,252
chanel,2020,spring,15,32,32,34,253
chanel,2018,spring,19,153,160,164,251
chanel,2018,spring,19,87,96,101,252
chanel,2018,spring,19,51,74,91,253
chanel,2018,spring,19,24,32,37,253
chanel,2020,fall,16,232,205,169,253
chanel,2020,fall,16,85,89,89,253
chanel,2020,fall,16,58,67,71,254
chanel,2020,fall,16,33,39,40,253
chanel,2019,spring,63,227,225,232,253
chanel,2019,spring,63,176,157,155,243
chanel,2019,spring,63,204,162,151,253
chanel,2019,spring,63,160,110,93,251
chanel,2019,spring,73,226,165,144,253
chanel,2019,spring,73,164,111,94,252
chanel,2019,spring,73,208,142,116,253
chanel,2019,spring,73,30,26,44,253
chanel,2020,fall,2,25,29,30,253
chanel,2020,fall,2,237,230,222,253
chanel,2020,fall,2,235,204,175,253
chanel,2020,fall,2,91,86,82,249
chanel,2020,fall,30,235,204,176,253
chanel,2020,fall,30,159,158,157,253
chanel,2020,fall,30,102,102,105,253
chanel,2020,fall,30,30,30,30,254
chanel,2020,fall,20,229,222,217,253
chanel,2020,fall,20,210,176,160,253
chanel,2020,fall,20,172,160,155,250
chanel,2020,fall,20,26,28,30,253
chanel,2019,spring,45,197,147,120,253
chanel,2019,spring,45,183,139,116,253
chanel,2019,spring,45,206,158,144,253
chanel,2019,spring,45,158,112,95,252
chanel,2019,spring,55,159,107,91,253
chanel,2019,spring,55,87,109,146,254
chanel,2019,spring,55,219,214,229,253
chanel,2019,spring,55,84,86,106,252
chanel,2018,spring,86,205,175,153,253
chanel,2018,spring,86,96,93,86,156
chanel,2018,spring,86,215,216,214,253
chanel,2018,spring,86,178,178,175,252
chanel,2018,fall,68,224,223,221,252
chanel,2018,fall,68,205,170,151,253
chanel,2018,fall,68,170,158,150,252
chanel,2018,fall,68,29,26,25,252
chanel,2018,fall,78,216,179,147,253
chanel,2018,fall,78,30,29,29,253
chanel,2018,fall,78,9,91,171,252
chanel,2018,fall,78,100,88,80,249
chanel,2021,spring,59,203,171,158,253
chanel,2021,spring,59,176,165,163,252
chanel,2021,spring,59,219,218,219,253
chanel,2021,spring,59,152,112,100,253
chanel,2021,spring,49,204,157,142,253
chanel,2021,spring,49,182,134,117,253
chanel,2021,spring,49,163,112,97,252
chanel,2021,spring,49,23,26,32,253
chanel,2020,spring,23,222,221,222,250
chanel,2020,spring,23,174,172,172,216
chanel,2020,spring,23,88,54,43,250
chanel,2020,spring,23,33,32,35,249
chanel,2020,spring,33,244,205,177,254
chanel,2020,spring,33,226,174,145,254
chanel,2020,spring,33,86,84,92,252
chanel,2020,spring,33,28,28,33,253
chanel,2019,fall,18,232,223,217,253
chanel,2019,fall,18,35,35,39,253
chanel,2019,fall,18,164,158,154,252
chanel,2019,fall,18,91,88,90,252
chanel,2020,spring,41,221,170,150,253
chanel,2020,spring,41,204,146,115,253
chanel,2020,spring,41,162,106,87,252
chanel,2020,spring,41,25,26,30,253
chanel,2020,spring,51,215,173,162,253
chanel,2020,spring,51,233,220,219,253
chanel,2020,spring,51,173,156,157,246
chanel,2020,spring,51,161,110,85,252
chanel,2019,fall,5,153,151,149,254
chanel,2019,fall,5,95,91,89,254
chanel,2019,fall,5,48,43,44,254
chanel,2019,fall,5,72,56,49,253
chanel,2019,spring,27,219,209,214,253
chanel,2019,spring,27,208,165,163,253
chanel,2019,spring,27,170,155,162,248
chanel,2019,spring,27,158,103,94,252
chanel,2019,spring,37,35,23,24,252
chanel,2019,spring,37,217,154,158,253
chanel,2019,spring,37,211,96,99,253
chanel,2019,spring,37,170,94,93,252
chanel,2020,fall,52,228,223,217,253
chanel,2020,fall,52,169,163,158,247
chanel,2020,fall,52,23,27,29,253
chanel,2020,fall,52,207,176,160,253
chanel,2020,fall,42,224,219,214,253
chanel,2020,fall,42,28,29,29,253
chanel,2020,fall,42,214,176,153,253
chanel,2020,fall,42,93,90,87,250
chanel,2019,fall,45,213,169,159,253
chanel,2019,fall,45,247,110,136,253
chanel,2019,fall,45,246,86,109,253
chanel,2019,fall,45,32,32,36,253
chanel,2019,fall,55,83,89,93,253
chanel,2019,fall,55,59,67,70,253
chanel,2019,fall,55,153,156,158,252
chanel,2019,fall,55,21,28,30,253
chanel,2018,fall,57,147,135,118,252
chanel,2018,fall,57,105,97,85,253
chanel,2018,fall,57,164,160,149,253
chanel,2018,fall,57,37,32,26,253
chanel,2018,fall,47,228,229,232,253
chanel,2018,fall,47,87,83,93,252
chanel,2018,fall,47,78,51,37,252
chanel,2018,fall,47,41,33,33,252
chanel,2021,spring,66,202,158,142,253
chanel,2021,spring,66,159,110,98,252
chanel,2021,spring,66,93,90,94,252
chanel,2021,spring,66,30,30,34,253
chanel,2020,spring,6,152,105,92,252
chanel,2020,spring,6,215,172,158,253
chanel,2020,spring,6,88,34,37,253
chanel,2020,spring,6,26,24,29,253
chanel,2018,spring,10,213,175,155,253
chanel,2018,spring,10,211,221,221,253
chanel,2018,spring,10,171,207,209,253
chanel,2018,spring,10,150,174,172,250
chanel,2019,spring,18,220,209,218,253
chanel,2019,spring,18,173,155,163,250
chanel,2019,spring,18,201,174,176,252
chanel,2019,spring,18,155,104,87,252
chanel,2018,fall,4,229,165,156,253
chanel,2018,fall,4,53,55,68,253
chanel,2018,fall,4,33,33,40,253
chanel,2018,fall,4,85,84,90,250
chanel,2018,spring,62,216,221,220,253
chanel,2018,spring,62,214,173,152,253
chanel,2018,spring,62,162,167,165,250
chanel,2018,spring,62,180,136,115,251
chanel,2018,spring,72,24,25,30,253
chanel,2018,spring,72,220,212,211,253
chanel,2018,spring,72,204,176,166,253
chanel,2018,spring,72,171,156,152,247
chanel,2021,spring,14,94,87,92,251
chanel,2021,spring,14,179,134,114,253
chanel,2021,spring,14,159,110,93,253
chanel,2021,spring,14,26,26,32,253
chanel,2018,fall,35,75,53,47,253
chanel,2018,fall,35,41,37,36,253
chanel,2018,fall,35,147,110,97,252
chanel,2018,fall,35,97,88,84,253
chanel,2018,fall,25,89,97,96,253
chanel,2018,fall,25,151,154,150,253
chanel,2018,fall,25,48,76,75,253
chanel,2018,fall,25,29,34,31,253
chanel,2019,fall,27,158,159,159,253
chanel,2019,fall,27,91,93,94,253
chanel,2019,fall,27,29,33,36,253
chanel,2019,fall,27,219,218,215,253
chanel,2019,fall,37,242,203,169,254
chanel,2019,fall,37,226,179,142,253
chanel,2019,fall,37,211,152,104,254
chanel,2019,fall,37,162,98,49,254
chanel,2018,spring,34,213,219,221,253
chanel,2018,spring,34,185,197,202,253
chanel,2018,spring,34,156,163,165,252
chanel,2018,spring,34,93,100,104,252
chanel,2018,spring,24,203,167,155,248
chanel,2018,spring,24,38,43,45,251
chanel,2018,spring,24,157,156,158,248
chanel,2018,spring,24,84,90,93,251
chanel,2020,fall,9,242,203,162,253
chanel,2020,fall,9,74,75,74,252
chanel,2020,fall,9,30,33,36,253
chanel,2020,fall,9,224,172,146,252
chanel,2020,spring,81,230,221,217,253
chanel,2020,spring,81,214,173,157,253
chanel,2020,spring,81,79,76,79,251
chanel,2020,spring,81,33,32,36,253
chanel,2019,fall,71,218,221,223,253
chanel,2019,fall,71,180,134,114,253
chanel,2019,fall,71,171,166,166,241
chanel,2019,fall,71,161,114,97,253
chanel,2020,spring,28,82,81,85,252
chanel,2020,spring,28,228,224,226,253
chanel,2020,spring,28,60,60,65,253
chanel,2020,spring,28,32,32,35,253
chanel,2020,spring,38,221,221,223,253
chanel,2020,spring,38,171,169,171,250
chanel,2020,spring,38,218,172,151,253
chanel,2020,spring,38,30,28,31,253
chanel,2019,fall,61,178,167,154,248
chanel,2019,fall,61,227,226,224,253
chanel,2019,fall,61,221,198,182,253
chanel,2019,fall,61,211,176,157,253
chanel,2021,spring,52,158,111,99,252
chanel,2021,spring,52,201,156,138,253
chanel,2021,spring,52,182,136,118,253
chanel,2021,spring,52,24,26,32,253
chanel,2021,spring,42,181,171,168,252
chanel,2021,spring,42,210,206,206,253
chanel,2021,spring,42,196,178,171,253
chanel,2021,spring,42,151,108,91,253
chanel,2018,fall,63,98,73,46,251
chanel,2018,fall,63,92,90,94,253
chanel,2018,fall,63,75,54,34,251
chanel,2018,fall,63,35,30,29,253
chanel,2018,fall,73,51,59,67,253
chanel,2018,fall,73,240,160,157,252
chanel,2018,fall,73,92,88,87,252
chanel,2018,fall,73,27,26,27,253
chanel,2018,fall,11,149,157,160,253
chanel,2018,fall,11,213,214,216,253
chanel,2018,fall,11,122,132,135,254
chanel,2018,fall,11,101,106,108,253
chanel,2021,spring,30,155,107,85,253
chanel,2021,spring,30,23,27,32,253
chanel,2021,spring,30,178,134,110,253
chanel,2021,spring,30,91,26,43,252
chanel,2021,spring,20,121,177,196,254
chanel,2021,spring,20,19,23,26,253
chanel,2021,spring,20,221,220,225,254
chanel,2021,spring,20,103,162,181,253
chanel,2019,fall,13,231,228,223,253
chanel,2019,fall,13,213,176,151,253
chanel,2019,fall,13,174,166,155,248
chanel,2019,fall,13,30,34,37,253
chanel,2021,spring,7,93,87,93,253
chanel,2021,spring,7,82,55,48,252
chanel,2021,spring,7,154,152,161,253
chanel,2021,spring,7,29,28,33,253
chanel,2020,fall,59,223,223,217,253
chanel,2020,fall,59,216,199,180,253
chanel,2020,fall,59,173,172,164,252
chanel,2020,fall,59,21,26,28,253
chanel,2020,fall,49,155,155,153,249
chanel,2020,fall,49,25,29,31,253
chanel,2020,fall,49,146,112,98,253
chanel,2020,fall,49,96,96,95,252
chanel,2018,spring,56,219,213,209,253
chanel,2018,spring,56,98,155,173,253
chanel,2018,spring,56,161,206,218,254
chanel,2018,spring,56,158,168,169,251
chanel,2020,spring,17,233,217,217,253
chanel,2020,spring,17,165,155,157,252
chanel,2020,spring,17,217,166,159,253
chanel,2020,spring,17,26,24,27,253
chanel,2019,spring,71,224,163,140,253
chanel,2019,spring,71,209,137,113,253
chanel,2019,spring,71,166,106,84,253
chanel,2019,spring,71,28,26,36,253
chanel,2019,spring,61,168,159,165,237
chanel,2019,spring,61,31,27,32,252
chanel,2019,spring,61,212,208,215,245
chanel,2019,spring,61,161,112,97,252
chanel,2020,fall,14,161,165,165,253
chanel,2020,fall,14,216,210,203,253
chanel,2020,fall,14,99,100,100,253
chanel,2020,fall,14,16,22,28,253
chanel,2018,spring,69,218,177,153,253
chanel,2018,spring,69,244,222,202,253
chanel,2018,spring,69,242,204,176,253
chanel,2018,spring,69,177,156,146,247
chanel,2018,spring,79,220,223,222,253
chanel,2018,spring,79,201,172,158,253
chanel,2018,spring,79,175,162,154,246
chanel,2018,spring,79,158,114,95,252
chanel,2020,fall,66,222,223,221,253
chanel,2020,fall,66,59,67,72,253
chanel,2020,fall,66,84,90,93,252
chanel,2020,fall,66,32,38,43,254
chanel,2019,spring,1,36,31,36,253
chanel,2019,spring,1,226,222,230,253
chanel,2019,spring,1,157,108,97,253
chanel,2019,spring,1,99,86,87,251
chanel,2019,spring,13,168,203,212,253
chanel,2019,spring,13,151,167,174,252
chanel,2019,spring,13,210,216,223,253
chanel,2019,spring,13,103,156,168,252
chanel,2020,spring,75,177,171,165,251
chanel,2020,spring,75,30,29,33,253
chanel,2020,spring,75,225,224,223,253
chanel,2020,spring,75,213,174,154,253
chanel,2020,spring,65,60,59,66,253
chanel,2020,spring,65,222,174,153,253
chanel,2020,spring,65,74,72,79,252
chanel,2020,spring,65,35,34,38,253
chanel,2018,fall,18,242,37,82,253
chanel,2018,fall,18,163,9,38,253
chanel,2018,fall,18,88,35,27,251
chanel,2018,fall,18,31,31,32,252
chanel,2021,spring,29,221,219,222,253
chanel,2021,spring,29,207,157,150,253
chanel,2021,spring,29,179,135,117,253
chanel,2021,spring,29,158,112,99,252
chanel,2019,fall,7,222,225,223,253
chanel,2019,fall,7,91,93,96,250
chanel,2019,fall,7,159,162,163,248
chanel,2019,fall,7,30,30,34,251
chanel,2021,spring,39,178,149,144,250
chanel,2021,spring,39,155,113,106,253
chanel,2021,spring,39,22,21,26,252
chanel,2021,spring,39,216,214,216,252
chanel,2020,spring,53,94,83,87,253
chanel,2020,spring,53,31,31,37,253
chanel,2020,spring,53,148,108,103,253
chanel,2020,spring,53,78,54,50,253
chanel,2020,spring,43,224,171,151,252
chanel,2020,spring,43,220,217,219,250
chanel,2020,spring,43,160,156,160,249
chanel,2020,spring,43,99,94,98,249
chanel,2020,fall,40,95,93,92,253
chanel,2020,fall,40,226,226,223,253
chanel,2020,fall,40,160,160,159,253
chanel,2020,fall,40,38,38,39,253
chanel,2020,fall,50,238,199,175,253
chanel,2020,fall,50,217,173,151,253
chanel,2020,fall,50,86,87,88,251
chanel,2020,fall,50,25,30,32,253
chanel,2019,spring,35,220,209,219,253
chanel,2019,spring,35,159,109,101,252
chanel,2019,spring,35,32,27,32,253
chanel,2019,spring,35,170,150,161,250
chanel,2019,spring,25,232,207,214,253
chanel,2019,spring,25,215,165,160,253
chanel,2019,spring,25,248,2,104,253
chanel,2019,spring,25,163,104,96,252
chanel,2018,spring,2,214,215,215,253
chanel,2018,spring,2,209,177,161,253
chanel,2018,spring,2,158,165,164,250
chanel,2018,spring,2,177,202,210,253
chanel,2019,spring,57,160,112,93,252
chanel,2019,spring,57,105,134,175,254
chanel,2019,spring,57,86,88,107,252
chanel,2019,spring,57,84,112,150,254
chanel,2019,spring,47,205,167,148,254
chanel,2019,spring,47,179,153,147,253
chanel,2019,spring,47,177,137,117,253
chanel,2019,spring,47,159,114,99,252
chanel,2020,fall,22,223,221,217,251
chanel,2020,fall,22,34,35,37,252
chanel,2020,fall,22,159,158,158,251
chanel,2020,fall,22,88,88,90,252
chanel,2020,fall,32,225,221,217,253
chanel,2020,fall,32,25,29,36,253
chanel,2020,fall,32,162,156,156,253
chanel,2020,fall,32,94,88,92,252
chanel,2020,spring,31,237,199,181,253
chanel,2020,spring,31,218,175,159,253
chanel,2020,spring,31,88,83,89,252
chanel,2020,spring,31,26,27,31,253
chanel,2019,fall,68,43,35,32,242
chanel,2019,fall,68,99,82,79,251
chanel,2019,fall,68,91,92,92,105
chanel,2019,fall,68,78,54,48,253
chanel,2020,spring,21,228,227,229,253
chanel,2020,spring,21,24,25,28,253
chanel,2020,spring,21,157,156,165,252
chanel,2020,spring,21,93,88,94,252
chanel,2018,spring,84,224,223,221,253
chanel,2018,spring,84,206,175,162,253
chanel,2018,spring,84,174,161,153,240
chanel,2018,spring,84,220,198,184,253
chanel,2018,spring,70,219,216,209,252
chanel,2018,spring,70,208,200,177,253
chanel,2018,spring,70,199,180,163,252
chanel,2018,spring,70,177,164,150,250
chanel,2018,spring,60,162,157,158,247
chanel,2018,spring,60,21,31,40,241
chanel,2018,spring,60,16,105,150,253
chanel,2018,spring,60,90,94,98,246
chanel,2019,spring,8,170,145,159,253
chanel,2019,spring,8,98,85,94,252
chanel,2019,spring,8,154,104,107,253
chanel,2019,spring,8,31,26,34,253
chanel,2018,fall,6,83,89,85,252
chanel,2018,fall,6,56,71,69,253
chanel,2018,fall,6,215,176,150,253
chanel,2018,fall,6,31,38,36,253
chanel,2019,fall,35,79,85,92,252
chanel,2019,fall,35,58,67,76,253
chanel,2019,fall,35,50,58,67,254
chanel,2019,fall,35,35,42,47,253
chanel,2019,fall,25,172,115,73,253
chanel,2019,fall,25,27,31,32,253
chanel,2019,fall,25,217,218,217,251
chanel,2019,fall,25,154,96,55,254
chanel,2018,fall,27,57,61,65,254
chanel,2018,fall,27,43,43,43,252
chanel,2018,fall,27,76,80,83,253
chanel,2018,fall,27,60,66,70,254
chanel,2018,fall,37,165,153,146,253
chanel,2018,fall,37,76,53,47,253
chanel,2018,fall,37,35,33,31,253
chanel,2018,fall,37,97,90,84,253
chanel,2021,spring,16,97,85,92,252
chanel,2021,spring,16,30,29,35,253
chanel,2021,spring,16,205,156,150,253
chanel,2021,spring,16,151,108,96,253
chanel,2020,spring,4,239,223,214,253
chanel,2020,spring,4,221,173,150,253
chanel,2020,spring,4,158,109,87,252
chanel,2020,spring,4,31,30,36,253
chanel,2021,spring,64,82,83,94,252
chanel,2021,spring,64,26,29,36,253
chanel,2021,spring,64,205,170,152,253
chanel,2021,spring,64,51,56,69,253
chanel,2018,fall,45,219,223,226,253
chanel,2018,fall,45,159,162,165,253
chanel,2018,fall,45,93,94,97,253
chanel,2018,fall,45,36,36,37,253
chanel,2018,fall,55,223,219,209,253
chanel,2018,fall,55,211,199,181,253
chanel,2018,fall,55,202,181,158,253
chanel,2018,fall,55,176,165,149,252
chanel,2019,fall,57,242,197,179,253
chanel,2019,fall,57,227,178,158,253
chanel,2019,fall,57,82,88,92,252
chanel,2019,fall,57,25,30,33,245
chanel,2019,fall,47,230,223,220,253
chanel,2019,fall,47,26,27,31,253
chanel,2019,fall,47,213,176,158,253
chanel,2019,fall,47,89,88,92,252
chanel,2019,spring,68,212,156,144,253
chanel,2019,spring,68,163,114,105,250
chanel,2019,spring,68,87,78,85,247
chanel,2019,spring,68,35,32,42,253
chanel,2019,spring,78,228,161,145,253
chanel,2019,spring,78,211,136,112,253
chanel,2019,spring,78,169,108,91,252
chanel,2019,spring,78,25,22,29,253
chanel,2018,spring,12,173,155,147,251
chanel,2018,spring,12,38,169,203,253
chanel,2018,spring,12,25,147,171,253
chanel,2018,spring,12,205,174,160,253
chanel,2019,spring,24,209,203,220,253
chanel,2019,spring,24,199,139,114,252
chanel,2019,spring,24,34,25,26,252
chanel,2019,spring,24,161,106,87,252
chanel,2019,spring,34,226,209,220,253
chanel,2019,spring,34,84,49,42,253
chanel,2019,spring,34,37,27,32,252
chanel,2019,spring,34,172,150,167,251
chanel,2020,fall,51,208,169,147,253
chanel,2020,fall,51,26,29,30,253
chanel,2020,fall,51,150,108,93,253
chanel,2020,fall,51,98,84,79,252
chanel,2020,fall,41,237,203,174,253
chanel,2020,fall,41,217,177,149,253
chanel,2020,fall,41,29,29,30,253
chanel,2020,fall,41,101,82,76,251
chanel,2019,fall,6,52,53,68,253
chanel,2019,fall,6,38,37,45,253
chanel,2019,fall,6,214,172,155,253
chanel,2019,fall,6,90,86,86,251
chanel,2021,spring,38,215,209,209,253
chanel,2021,spring,38,204,172,163,253
chanel,2021,spring,38,179,154,150,250
chanel,2021,spring,38,155,116,107,252
chanel,2021,spring,28,163,159,162,250
chanel,2021,spring,28,152,103,80,253
chanel,2021,spring,28,222,222,227,253
chanel,2021,spring,28,26,26,28,253
chanel,2018,fall,19,93,89,87,252
chanel,2018,fall,19,28,29,29,253
chanel,2018,fall,19,217,176,149,253
chanel,2018,fall,19,159,154,154,252
chanel,2020,spring,42,225,216,214,253
chanel,2020,spring,42,215,172,156,253
chanel,2020,spring,42,160,156,159,252
chanel,2020,spring,42,98,94,96,252
chanel,2020,spring,52,238,219,214,253
chanel,2020,spring,52,219,173,154,253
chanel,2020,spring,52,34,33,37,253
chanel,2020,spring,52,91,86,94,253
chanel,2020,spring,20,242,215,208,253
chanel,2020,spring,20,239,198,182,253
chanel,2020,spring,20,223,172,158,253
chanel,2020,spring,20,27,26,29,253
chanel,2020,spring,30,153,151,158,252
chanel,2020,spring,30,223,170,156,253
chanel,2020,spring,30,91,86,91,253
chanel,2020,spring,30,32,30,34,253
chanel,2019,fall,69,157,111,97,251
chanel,2019,fall,69,221,222,221,253
chanel,2019,fall,69,204,162,147,253
chanel,2019,fall,69,180,156,147,249
chanel,2018,spring,85,211,209,209,253
chanel,2018,spring,85,179,135,111,252
chanel,2018,spring,85,178,170,165,240
chanel,2018,spring,85,154,114,91,251
chanel,2018,spring,3,227,231,233,253
chanel,2018,spring,3,204,174,162,253
chanel,2018,spring,3,169,160,154,247
chanel,2018,spring,3,101,98,90,243
chanel,2020,fall,1,244,235,198,254
chanel,2020,fall,1,172,161,107,252
chanel,2020,fall,1,229,222,169,254
chanel,2020,fall,1,173,166,138,251
chanel,2020,fall,33,239,158,158,253
chanel,2020,fall,33,220,100,108,253
chanel,2020,fall,33,159,96,90,253
chanel,2020,fall,33,28,28,31,253
chanel,2020,fall,23,59,61,65,253
chanel,2020,fall,23,239,204,172,253
chanel,2020,fall,23,76,76,78,251
chanel,2020,fall,23,24,26,27,253
chanel,2019,spring,46,203,168,155,253
chanel,2019,spring,46,181,150,139,253
chanel,2019,spring,46,173,136,119,253
chanel,2019,spring,46,156,112,99,253
chanel,2019,spring,56,90,89,103,251
chanel,2019,spring,56,46,95,142,253
chanel,2019,spring,56,87,114,149,253
chanel,2019,spring,56,41,74,112,253
chanel,2019,fall,24,32,35,36,253
chanel,2019,fall,24,219,220,219,253
chanel,2019,fall,24,168,164,159,250
chanel,2019,fall,24,161,112,85,253
chanel,2019,fall,34,111,39,68,253
chanel,2019,fall,34,151,42,71,253
chanel,2019,fall,34,143,34,57,254
chanel,2019,fall,34,103,28,49,253
chanel,2021,spring,17,207,162,144,253
chanel,2021,spring,17,182,134,115,253
chanel,2021,spring,17,162,114,98,252
chanel,2021,spring,17,25,28,33,253
chanel,2018,fall,36,97,89,87,252
chanel,2018,fall,36,77,53,38,251
chanel,2018,fall,36,40,35,33,253
chanel,2018,fall,36,98,74,50,252
chanel,2018,fall,26,95,77,48,253
chanel,2018,fall,26,44,37,25,251
chanel,2018,fall,26,159,142,105,253
chanel,2018,fall,26,105,98,81,253
chanel,2018,spring,61,226,227,226,253
chanel,2018,spring,61,208,167,147,253
chanel,2018,spring,61,165,158,155,248
chanel,2018,spring,61,33,74,108,253
chanel,2018,spring,71,202,177,171,250
chanel,2018,spring,71,165,159,160,248
chanel,2018,spring,71,220,224,226,253
chanel,2018,spring,71,32,34,38,253
chanel,2018,fall,7,156,155,149,253
chanel,2018,fall,7,81,71,56,253
chanel,2018,fall,7,96,94,88,253
chanel,2018,fall,7,42,40,36,253
chanel,2019,spring,9,210,153,158,253
chanel,2019,spring,9,171,143,158,252
chanel,2019,spring,9,153,101,108,253
chanel,2019,spring,9,110,82,96,252
chanel,2019,spring,79,221,165,155,253
chanel,2019,spring,79,27,21,29,253
chanel,2019,spring,79,204,136,120,253
chanel,2019,spring,79,166,112,102,251
chanel,2019,spring,69,222,163,143,252
chanel,2019,spring,69,205,139,115,253
chanel,2019,spring,69,169,114,93,252
chanel,2019,spring,69,30,30,42,253
chanel,2018,spring,13,235,213,216,253
chanel,2018,spring,13,175,155,153,248
chanel,2018,spring,13,157,111,104,252
chanel,2018,spring,13,208,172,162,253
chanel,2018,fall,54,225,217,207,253
chanel,2018,fall,54,172,161,146,252
chanel,2018,fall,54,158,139,114,251
chanel,2018,fall,54,109,97,83,252
chanel,2018,fall,44,37,37,35,253
chanel,2018,fall,44,227,226,219,253
chanel,2018,fall,44,89,92,92,252
chanel,2018,fall,44,58,68,77,254
chanel,2021,spring,65,214,173,155,253
chanel,2021,spring,65,153,113,95,251
chanel,2021,spring,65,12,13,16,253
chanel,2021,spring,65,224,196,182,253
chanel,2020,spring,5,165,101,83,253
chanel,2020,spring,5,93,87,93,250
chanel,2020,spring,5,88,45,45,253
chanel,2020,spring,5,34,31,38,253
chanel,2019,fall,46,236,227,222,253
chanel,2019,fall,46,209,19,35,254
chanel,2019,fall,46,32,31,36,253
chanel,2019,fall,46,106,108,209,254
chanel,2019,fall,56,217,213,207,237
chanel,2019,fall,56,16,21,25,157
chanel,2019,fall,56,20,30,44,247
chanel,2020,spring,39,223,221,222,252
chanel,2020,spring,39,42,71,115,253
chanel,2020,spring,39,28,51,85,253
chanel,2020,spring,39,51,88,139,254
chanel,2019,fall,60,168,167,166,250
chanel,2019,fall,60,85,89,91,253
chanel,2019,fall,60,27,31,32,253
chanel,2019,fall,60,219,220,221,254
chanel,2019,fall,70,34,31,25,253
chanel,2019,fall,70,223,224,223,253
chanel,2019,fall,70,198,140,117,254
chanel,2019,fall,70,169,112,90,253
chanel,2020,spring,29,212,173,160,253
chanel,2020,spring,29,151,154,163,253
chanel,2020,spring,29,91,94,103,253
chanel,2020,spring,29,29,32,35,252
chanel,2018,fall,72,97,85,79,252
chanel,2018,fall,72,238,228,217,252
chanel,2018,fall,72,232,172,150,253
chanel,2018,fall,72,29,30,32,253
chanel,2018,fall,62,146,149,154,253
chanel,2018,fall,62,37,35,36,253
chanel,2018,fall,62,88,86,89,253
chanel,2018,fall,62,57,60,66,254
chanel,2021,spring,43,153,113,102,252
chanel,2021,spring,43,16,19,24,253
chanel,2021,spring,43,201,162,150,253
chanel,2021,spring,43,181,146,136,252
chanel,2021,spring,53,207,169,152,254
chanel,2021,spring,53,171,151,146,244
chanel,2021,spring,53,94,83,82,246
chanel,2021,spring,53,20,25,31,253
chanel,2018,spring,25,221,221,220,249
chanel,2018,spring,25,167,159,157,245
chanel,2018,spring,25,33,37,39,247
chanel,2018,spring,25,84,86,89,249
chanel,2018,spring,35,212,217,221,253
chanel,2018,spring,35,201,175,167,253
chanel,2018,spring,35,88,93,105,252
chanel,2018,spring,35,162,162,165,250
chanel,2020,spring,80,232,222,221,253
chanel,2020,spring,80,79,76,79,253
chanel,2020,spring,80,60,60,65,253
chanel,2020,spring,80,34,34,37,253
chanel,2020,fall,8,168,161,149,252
chanel,2020,fall,8,24,29,28,253
chanel,2020,fall,8,229,218,201,253
chanel,2020,fall,8,97,94,87,252
chanel,2020,fall,48,220,173,143,253
chanel,2020,fall,48,144,147,146,252
chanel,2020,fall,48,18,23,23,253
chanel,2020,fall,48,97,98,98,251
chanel,2020,fall,58,171,169,165,252
chanel,2020,fall,58,147,109,89,252
chanel,2020,fall,58,226,224,220,253
chanel,2020,fall,58,207,174,160,253
chanel,2018,spring,47,210,223,224,253
chanel,2018,spring,47,154,169,169,251
chanel,2018,spring,47,202,164,149,253
chanel,2018,spring,47,177,202,206,253
chanel,2018,spring,57,222,213,213,253
chanel,2018,spring,57,113,139,166,253
chanel,2018,spring,57,150,158,171,252
chanel,2018,spring,57,87,114,145,253
chanel,2021,spring,21,203,159,144,253
chanel,2021,spring,21,8,43,107,253
chanel,2021,spring,21,218,216,224,253
chanel,2021,spring,21,11,54,137,254
chanel,2021,spring,31,161,153,160,252
chanel,2021,spring,31,154,113,98,252
chanel,2021,spring,31,99,88,93,252
chanel,2021,spring,31,32,30,36,253
chanel,2018,fall,10,161,139,113,253
chanel,2018,fall,10,139,117,91,253
chanel,2018,fall,10,112,95,79,253
chanel,2018,fall,10,175,164,149,253
chanel,2021,spring,6,209,169,154,253
chanel,2021,spring,6,34,33,39,253
chanel,2021,spring,6,158,152,155,252
chanel,2021,spring,6,93,90,95,253
chanel,2019,fall,12,220,222,224,253
chanel,2019,fall,12,156,158,164,252
chanel,2019,fall,12,87,90,99,252
chanel,2019,fall,12,28,34,41,253
chanel,2020,fall,15,175,177,139,251
chanel,2020,fall,15,213,206,168,253
chanel,2020,fall,15,152,152,108,253
chanel,2020,fall,15,16,24,29,253
chanel,2019,spring,60,205,173,160,252
chanel,2019,spring,60,215,212,223,252
chanel,2019,spring,60,166,160,165,248
chanel,2019,spring,60,157,108,90,250
chanel,2019,spring,70,217,154,137,253
chanel,2019,spring,70,163,110,92,253
chanel,2019,spring,70,98,84,85,251
chanel,2019,spring,70,23,22,37,253
chanel,2020,spring,16,231,221,224,250
chanel,2020,spring,16,218,171,147,252
chanel,2020,spring,16,95,89,92,242
chanel,2020,spring,16,29,26,28,246
chanel,2020,spring,64,94,87,87,251
chanel,2020,spring,64,219,172,156,253
chanel,2020,spring,64,159,154,153,252
chanel,2020,spring,64,25,24,26,253
chanel,2020,spring,74,229,229,230,252
chanel,2020,spring,74,219,173,147,253
chanel,2020,spring,74,30,29,31,252
chanel,2020,spring,74,202,146,116,253
chanel,2018,spring,78,222,223,223,253
chanel,2018,spring,78,214,198,182,253
chanel,2018,spring,78,205,174,160,253
chanel,2018,spring,78,175,162,154,250
chanel,2018,spring,68,223,221,179,253
chanel,2018,spring,68,210,173,149,253
chanel,2018,spring,68,150,115,90,251
chanel,2018,spring,68,232,232,205,253
chanel,2019,spring,12,153,111,101,253
chanel,2019,spring,12,212,214,222,253
chanel,2019,spring,12,202,164,164,253
chanel,2019,spring,12,168,158,164,252
chanel,2020,fall,67,29,31,34,254
chanel,2020,fall,67,228,224,219,253
chanel,2020,fall,67,206,178,155,253
chanel,2020,fall,67,167,164,162,250
chanel,2020,fall,10,92,83,79,246
chanel,2020,fall,10,83,53,44,252
chanel,2020,fall,10,213,158,113,253
chanel,2020,fall,10,26,28,29,253
chanel,2019,spring,75,214,166,154,253
chanel,2019,spring,75,203,142,119,253
chanel,2019,spring,75,158,110,92,250
chanel,2019,spring,75,31,28,35,253
chanel,2019,spring,65,214,163,152,253
chanel,2019,spring,65,31,29,38,253
chanel,2019,spring,65,85,82,92,250
chanel,2019,spring,65,51,54,70,253
chanel,2020,spring,13,22,23,25,253
chanel,2020,spring,13,221,220,221,253
chanel,2020,spring,13,218,172,153,253
chanel,2020,spring,13,97,92,91,250
chanel,2018,fall,58,42,33,29,253
chanel,2018,fall,58,233,232,227,253
chanel,2018,fall,58,206,176,159,253
chanel,2018,fall,58,77,52,40,253
chanel,2018,fall,48,157,153,161,252
chanel,2018,fall,48,33,29,34,253
chanel,2018,fall,48,235,156,160,253
chanel,2018,fall,48,92,88,98,252
chanel,2021,spring,69,196,180,171,254
chanel,2021,spring,69,169,160,159,253
chanel,2021,spring,69,139,116,110,253
chanel,2021,spring,69,108,92,91,253
chanel,2020,spring,9,159,107,92,252
chanel,2020,spring,9,232,218,216,253
chanel,2020,spring,9,223,170,152,253
chanel,2020,spring,9,27,26,29,252
chanel,2019,fall,28,210,199,184,253
chanel,2019,fall,28,172,165,156,250
chanel,2019,fall,28,36,41,45,253
chanel,2019,fall,28,220,218,210,253
chanel,2020,spring,71,217,171,149,253
chanel,2020,spring,71,85,77,79,252
chanel,2020,spring,71,34,33,36,253
chanel,2020,spring,71,153,108,89,252
chanel,2020,spring,61,229,228,229,253
chanel,2020,spring,61,169,212,237,253
chanel,2020,spring,61,30,30,33,252
chanel,2020,spring,61,8,10,11,154
chanel,2019,fall,38,203,35,149,254
chanel,2019,fall,38,179,41,149,253
chanel,2019,fall,38,211,82,173,253
chanel,2019,fall,38,163,6,105,253
chanel,2019,spring,17,222,217,227,253
chanel,2019,spring,17,166,155,166,248
chanel,2019,spring,17,163,173,205,252
chanel,2019,spring,17,156,102,87,252
chanel,2020,fall,62,230,225,216,253
chanel,2020,fall,62,216,199,182,253
chanel,2020,fall,62,207,178,165,253
chanel,2020,fall,62,174,166,159,251
chanel,2019,spring,5,215,99,157,253
chanel,2019,spring,5,19,15,23,253
chanel,2019,spring,5,222,148,165,253
chanel,2019,spring,5,163,102,93,252
chanel,2020,fall,72,224,218,212,253
chanel,2020,fall,72,207,150,105,253
chanel,2020,fall,72,173,160,156,252
chanel,2020,fall,72,207,178,163,253
chanel,2018,fall,83,226,221,228,253
chanel,2018,fall,83,152,154,170,251
chanel,2018,fall,83,88,84,93,250
chanel,2018,fall,83,42,36,38,250
chanel,2018,fall,67,226,229,231,253
chanel,2018,fall,67,95,93,92,250
chanel,2018,fall,67,161,164,161,250
chanel,2018,fall,67,31,28,26,253
chanel,2018,spring,89,201,175,164,253
chanel,2018,spring,89,187,195,198,253
chanel,2018,spring,89,214,216,216,253
chanel,2018,spring,89,168,166,164,250
chanel,2018,fall,77,240,221,210,253
chanel,2018,fall,77,81,79,82,253
chanel,2018,fall,77,219,174,153,253
chanel,2018,fall,77,32,32,35,253
chanel,2021,spring,56,225,219,219,253
chanel,2021,spring,56,208,169,153,253
chanel,2021,spring,56,177,149,140,250
chanel,2021,spring,56,32,30,35,253
chanel,2021,spring,46,157,113,101,252
chanel,2021,spring,46,197,156,140,254
chanel,2021,spring,46,178,134,119,253
chanel,2021,spring,46,23,24,29,253
chanel,2019,fall,65,213,215,217,242
chanel,2019,fall,65,148,149,150,166
chanel,2019,fall,65,94,95,95,105
chanel,2019,fall,65,176,174,172,224
chanel,2018,spring,30,220,221,225,254
chanel,2018,spring,30,205,173,163,253
chanel,2018,spring,30,159,155,162,251
chanel,2018,spring,30,99,96,105,253
chanel,2018,spring,20,214,177,156,252
chanel,2018,spring,20,21,77,103,252
chanel,2018,spring,20,20,32,40,247
chanel,2018,spring,20,14,54,77,252
chanel,2018,spring,52,210,219,230,253
chanel,2018,spring,52,176,200,225,254
chanel,2018,spring,52,151,178,212,253
chanel,2018,spring,52,107,154,205,254
chanel,2018,spring,42,171,165,159,244
chanel,2018,spring,42,225,228,230,253
chanel,2018,spring,42,207,196,185,252
chanel,2018,spring,42,204,176,163,253
chanel,2019,spring,28,227,209,222,253
chanel,2019,spring,28,176,141,154,251
chanel,2019,spring,28,165,109,106,252
chanel,2019,spring,28,210,158,159,253
chanel,2019,spring,38,213,203,163,253
chanel,2019,spring,38,200,177,108,253
chanel,2019,spring,38,199,177,156,253
chanel,2019,spring,38,161,110,94,252
chanel,2021,spring,3,120,121,132,253
chanel,2021,spring,3,90,89,97,253
chanel,2021,spring,3,152,152,161,253
chanel,2021,spring,3,34,34,38,253
chanel,2019,spring,81,220,165,145,252
chanel,2019,spring,81,207,143,117,253
chanel,2019,spring,81,166,113,93,251
chanel,2019,spring,81,32,29,36,254
chanel,2019,fall,17,91,85,89,251
chanel,2019,fall,17,57,67,87,252
chanel,2019,fall,17,28,37,51,253
chanel,2019,fall,17,42,52,70,253
chanel,2021,spring,34,205,163,150,253
chanel,2021,spring,34,155,111,98,252
chanel,2021,spring,34,27,29,34,253
chanel,2021,spring,34,225,220,217,253
chanel,2021,spring,24,228,147,166,252
chanel,2021,spring,24,164,107,89,252
chanel,2021,spring,24,250,156,208,253
chanel,2021,spring,24,25,28,32,253
chanel,2018,fall,15,154,111,93,249
chanel,2018,fall,15,27,27,27,253
chanel,2018,fall,15,212,172,152,252
chanel,2018,fall,15,90,86,87,252
chanel,2021,spring,12,217,171,178,253
chanel,2021,spring,12,228,186,195,253
chanel,2021,spring,12,155,108,89,253
chanel,2021,spring,12,26,24,35,253
chanel,2018,fall,23,101,109,139,253
chanel,2018,fall,23,84,83,100,253
chanel,2018,fall,23,47,52,76,254
chanel,2018,fall,23,37,34,39,253
chanel,2018,fall,33,96,77,49,251
chanel,2018,fall,33,73,55,34,250
chanel,2018,fall,33,44,35,23,249
chanel,2018,fall,33,141,114,83,251
chanel,2020,spring,68,225,217,218,253
chanel,2020,spring,68,208,176,166,253
chanel,2020,spring,68,78,52,41,253
chanel,2020,spring,68,34,30,33,253
chanel,2019,fall,31,224,223,224,253
chanel,2019,fall,31,162,159,161,252
chanel,2019,fall,31,94,93,97,251
chanel,2019,fall,31,32,34,43,250
chanel,2019,fall,21,220,219,216,253
chanel,2019,fall,21,166,165,162,249
chanel,2019,fall,21,94,94,93,251
chanel,2019,fall,21,20,26,29,253
chanel,2020,spring,78,227,222,219,253
chanel,2020,spring,78,216,174,156,253
chanel,2020,spring,78,160,110,81,253
chanel,2020,spring,78,30,30,32,253
chanel,2018,fall,2,214,173,151,253
chanel,2018,fall,2,232,226,224,253
chanel,2018,fall,2,96,90,80,253
chanel,2018,fall,2,30,30,27,253
chanel,2018,spring,74,199,147,120,254
chanel,2018,spring,74,232,234,236,253
chanel,2018,spring,74,210,170,148,253
chanel,2018,spring,74,27,28,32,253
chanel,2018,spring,64,220,225,228,253
chanel,2018,spring,64,111,89,84,251
chanel,2018,spring,64,161,158,159,251
chanel,2018,spring,64,148,112,96,252
chanel,2018,spring,16,222,225,225,253
chanel,2018,spring,16,160,161,161,249
chanel,2018,spring,16,31,37,43,251
chanel,2018,spring,16,87,96,99,247
chanel,2020,fall,19,147,105,89,252
chanel,2020,fall,19,93,89,85,253
chanel,2020,fall,19,37,37,35,253
chanel,2020,fall,19,78,54,43,253
chanel,2019,fall,53,220,219,220,253
chanel,2019,fall,53,158,111,97,250
chanel,2019,fall,53,211,172,155,253
chanel,2019,fall,53,174,168,168,246
chanel,2019,fall,43,6,115,157,253
chanel,2019,fall,43,210,180,159,253
chanel,2019,fall,43,16,170,205,254
chanel,2019,fall,43,7,140,180,253
chanel,2018,fall,41,101,89,80,253
chanel,2018,fall,41,44,37,32,253
chanel,2018,fall,41,147,106,93,252
chanel,2018,fall,41,79,52,43,253
chanel,2018,fall,51,160,149,144,220
chanel,2018,fall,51,107,92,83,149
chanel,2018,fall,51,99,92,91,221
chanel,2018,fall,51,49,50,55,222
chanel,2021,spring,70,212,209,215,253
chanel,2021,spring,70,202,173,164,253
chanel,2021,spring,70,168,160,167,252
chanel,2021,spring,70,107,94,98,253
chanel,2021,spring,60,217,215,222,253
chanel,2021,spring,60,167,151,151,252
chanel,2021,spring,60,90,88,94,252
chanel,2021,spring,60,27,28,32,253
chanel,2019,spring,31,209,159,151,252
chanel,2019,spring,31,163,109,92,253
chanel,2019,spring,31,210,208,225,253
chanel,2019,spring,31,201,138,112,253
chanel,2019,spring,21,230,223,230,254
chanel,2019,spring,21,217,159,158,253
chanel,2019,spring,21,212,93,103,253
chanel,2019,spring,21,160,105,94,253
chanel,2020,fall,44,219,177,148,253
chanel,2020,fall,44,24,27,27,253
chanel,2020,fall,44,234,234,231,254
chanel,2020,fall,44,93,88,84,249
chanel,2020,fall,54,229,229,230,254
chanel,2020,fall,54,102,87,79,251
chanel,2020,fall,54,29,31,31,253
chanel,2020,fall,54,150,106,84,253
chanel,2020,spring,57,43,51,85,253
chanel,2020,spring,57,221,218,220,253
chanel,2020,spring,57,159,162,168,252
chanel,2020,spring,57,25,28,35,251
chanel,2020,spring,47,242,181,198,253
chanel,2020,spring,47,159,105,89,252
chanel,2020,spring,47,241,212,218,253
chanel,2020,spring,47,227,158,163,253
chanel,2019,fall,3,90,89,90,253
chanel,2019,fall,3,58,61,65,253
chanel,2019,fall,3,38,39,41,253
chanel,2019,fall,3,153,152,150,252
chanel,2018,spring,90,28,29,31,250
chanel,2018,spring,90,226,226,228,253
chanel,2018,spring,90,56,60,66,253
chanel,2018,spring,80,226,229,231,253
chanel,2018,spring,80,206,171,154,253
chanel,2018,spring,80,176,137,116,251
chanel,2018,spring,80,177,160,152,249
chanel,2020,spring,35,238,101,84,253
chanel,2020,spring,35,227,43,45,253
chanel,2020,spring,35,166,33,36,253
chanel,2020,spring,35,93,34,30,252
chanel,2020,spring,25,229,227,228,253
chanel,2020,spring,25,82,45,42,253
chanel,2020,spring,25,31,27,29,253
chanel,2020,spring,25,215,168,162,253
chanel,2020,fall,26,146,107,87,253
chanel,2020,fall,26,99,88,81,252
chanel,2020,fall,26,79,50,43,253
chanel,2020,fall,26,30,30,31,253
chanel,2020,fall,36,147,94,92,253
chanel,2020,fall,36,103,78,79,251
chanel,2020,fall,36,85,44,45,253
chanel,2020,fall,36,28,30,31,253
chanel,2020,fall,4,145,105,91,253
chanel,2020,fall,4,237,230,219,253
chanel,2020,fall,4,93,88,85,253
chanel,2020,fall,4,27,30,30,253
chanel,2019,spring,53,169,111,98,248
chanel,2019,spring,53,41,71,110,253
chanel,2019,spring,53,31,53,86,253
chanel,2019,spring,53,231,228,238,253
chanel,2019,spring,43,218,214,227,253
chanel,2019,spring,43,204,172,165,253
chanel,2019,spring,43,176,152,153,249
chanel,2019,spring,43,151,100,89,253
chanel,2018,spring,29,226,215,213,253
chanel,2018,spring,29,209,195,186,252
chanel,2018,spring,29,178,159,150,250
chanel,2018,spring,29,202,180,172,253
chanel,2018,spring,39,210,215,218,253
chanel,2018,spring,39,152,115,97,253
chanel,2018,spring,39,103,99,91,249
chanel,2018,spring,39,164,164,163,252
chanel,2018,spring,6,235,213,167,253
chanel,2018,spring,6,171,155,150,247
chanel,2018,spring,6,235,232,223,253
chanel,2018,spring,6,206,174,157,253
chanel,2018,fall,3,58,69,74,253
chanel,2018,fall,3,155,156,154,247
chanel,2018,fall,3,86,90,93,253
chanel,2018,fall,3,25,26,27,253
chanel,2018,spring,65,174,155,153,252
chanel,2018,spring,65,172,135,121,251
chanel,2018,spring,65,219,216,219,253
chanel,2018,spring,65,207,172,156,253
chanel,2018,spring,75,173,155,149,248
chanel,2018,spring,75,169,135,120,249
chanel,2018,spring,75,236,236,235,253
chanel,2018,spring,75,206,174,157,253
chanel,2018,fall,32,113,85,73,253
chanel,2018,fall,32,97,71,56,253
chanel,2018,fall,32,78,51,40,249
chanel,2018,fall,32,40,26,20,248
chanel,2018,fall,22,151,155,161,253
chanel,2018,fall,22,86,87,98,253
chanel,2018,fall,22,49,53,74,254
chanel,2018,fall,22,34,32,35,253
chanel,2021,spring,13,25,23,33,253
chanel,2021,spring,13,226,202,220,253
chanel,2021,spring,13,200,162,148,253
chanel,2021,spring,13,171,150,159,250
chanel,2019,fall,20,168,159,151,249
chanel,2019,fall,20,97,91,89,251
chanel,2019,fall,20,39,37,39,250
chanel,2019,fall,20,226,224,220,253
chanel,2020,spring,79,75,55,48,253
chanel,2020,spring,79,31,31,34,253
chanel,2020,spring,79,147,108,90,253
chanel,2020,spring,79,89,78,79,252
chanel,2020,spring,69,229,219,217,253
chanel,2020,spring,69,216,175,163,253
chanel,2020,spring,69,166,159,157,252
chanel,2020,spring,69,29,27,30,253
chanel,2019,fall,30,92,89,99,252
chanel,2019,fall,30,29,35,49,253
chanel,2019,fall,30,222,220,220,253
chanel,2019,fall,30,37,48,74,253
chanel,2019,fall,42,4,117,138,253
chanel,2019,fall,42,6,139,159,253
chanel,2019,fall,42,4,91,111,253
chanel,2019,fall,42,234,228,217,251
chanel,2019,fall,52,214,215,214,251
chanel,2019,fall,52,208,178,165,253
chanel,2019,fall,52,174,172,171,239
chanel,2019,fall,52,147,148,147,168
chanel,2021,spring,61,28,27,32,253
chanel,2021,spring,61,209,210,214,252
chanel,2021,spring,61,164,158,161,251
chanel,2021,spring,71,19,23,26,253
chanel,2021,spring,71,214,216,219,251
chanel,2021,spring,71,90,88,89,244
chanel,2021,spring,71,74,54,38,253
chanel,2020,spring,1,217,173,157,253
chanel,2020,spring,1,37,23,27,253
chanel,2020,spring,1,236,222,214,253
chanel,2020,spring,1,92,30,34,253
chanel,2018,fall,50,151,101,96,252
chanel,2018,fall,50,89,89,100,253
chanel,2018,fall,50,155,154,161,252
chanel,2018,fall,50,33,32,40,253
chanel,2018,fall,40,97,89,82,253
chanel,2018,fall,40,90,71,52,252
chanel,2018,fall,40,36,33,32,253
chanel,2018,fall,40,76,54,41,252
chanel,2018,spring,17,222,213,210,253
chanel,2018,spring,17,58,73,88,253
chanel,2018,spring,17,208,178,166,253
chanel,2018,spring,17,75,90,104,253
chanel,2020,fall,18,92,93,92,252
chanel,2020,fall,18,222,220,216,253
chanel,2020,fall,18,159,162,161,252
chanel,2020,fall,18,30,32,33,253
chanel,2020,spring,46,226,224,222,253
chanel,2020,spring,46,213,176,160,253
chanel,2020,spring,46,177,164,160,251
chanel,2020,spring,46,167,106,81,252
chanel,2020,spring,56,222,219,222,253
chanel,2020,spring,56,30,31,39,253
chanel,2020,spring,56,215,170,161,253
chanel,2020,spring,56,44,50,85,253
chanel,2019,fall,2,34,33,32,253
chanel,2019,fall,2,225,222,218,253
chanel,2019,fall,2,170,162,155,252
chanel,2019,fall,2,99,94,89,252
chanel,2020,fall,55,231,231,232,253
chanel,2020,fall,55,25,27,27,253
chanel,2020,fall,55,238,202,171,253
chanel,2020,fall,55,146,106,86,253
chanel,2020,fall,45,228,227,221,253
chanel,2020,fall,45,101,86,77,251
chanel,2020,fall,45,87,52,45,253
chanel,2020,fall,45,25,28,28,253
chanel,2019,spring,20,204,151,143,253
chanel,2019,spring,20,184,131,118,252
chanel,2019,spring,20,227,226,235,253
chanel,2019,spring,20,160,110,98,252
chanel,2019,spring,30,221,213,228,253
chanel,2019,spring,30,171,147,156,244
chanel,2019,spring,30,160,108,97,252
chanel,2019,spring,30,40,30,33,252
chanel,2019,spring,42,73,49,47,253
chanel,2019,spring,42,50,35,34,252
chanel,2019,spring,42,235,224,203,253
chanel,2019,spring,42,229,212,168,253
chanel,2019,spring,52,248,207,212,253
chanel,2019,spring,52,224,165,171,253
chanel,2019,spring,52,40,31,37,252
chanel,2019,spring,52,237,184,196,253
chanel,2020,fall,5,221,201,180,253
chanel,2020,fall,5,94,89,84,251
chanel,2020,fall,5,16,23,24,253
chanel,2020,fall,5,230,226,217,253
chanel,2020,fall,37,217,175,149,253
chanel,2020,fall,37,91,83,80,251
chanel,2020,fall,37,243,206,175,253
chanel,2020,fall,37,25,26,34,254
chanel,2020,fall,27,165,48,72,253
chanel,2020,fall,27,151,30,52,253
chanel,2020,fall,27,94,26,37,253
chanel,2020,fall,27,39,26,27,253
chanel,2018,spring,38,211,217,220,249
chanel,2018,spring,38,146,115,103,252
chanel,2018,spring,38,171,158,153,244
chanel,2018,spring,38,82,84,85,101
chanel,2018,spring,7,227,219,229,253
chanel,2018,spring,7,205,171,158,253
chanel,2018,spring,7,173,152,151,250
chanel,2018,spring,7,15,94,210,253
chanel,2018,spring,28,216,219,221,253
chanel,2018,spring,28,29,33,35,252
chanel,2018,spring,28,158,160,159,250
chanel,2018,spring,28,92,94,91,251
chanel,2018,spring,81,227,229,231,253
chanel,2018,spring,81,153,109,94,252
chanel,2018,spring,81,209,170,153,253
chanel,2018,spring,81,179,152,145,250
chanel,2020,spring,24,220,173,152,253
chanel,2020,spring,24,28,29,33,251
chanel,2020,spring,24,221,222,224,250
chanel,2020,spring,24,166,166,172,251
chanel,2020,spring,34,229,97,77,253
chanel,2020,spring,34,164,39,37,253
chanel,2020,spring,34,219,46,44,253
chanel,2020,spring,34,39,30,29,253
chanel,2020,spring,12,232,229,232,253
chanel,2020,spring,12,160,159,163,252
chanel,2020,spring,12,94,93,96,250
chanel,2020,spring,12,30,30,31,252
chanel,2020,spring,8,232,219,214,253
chanel,2020,spring,8,156,107,88,253
chanel,2020,spring,8,216,170,154,253
chanel,2020,spring,8,22,24,26,253
chanel,2021,spring,68,201,201,205,247
chanel,2021,spring,68,167,163,168,243
chanel,2021,spring,68,141,101,86,252
chanel,2021,spring,68,109,91,90,249
chanel,2018,fall,49,216,215,221,253
chanel,2018,fall,49,153,155,171,252
chanel,2018,fall,49,92,111,148,253
chanel,2018,fall,49,80,80,93,253
chanel,2018,fall,59,94,97,97,253
chanel,2018,fall,59,224,226,223,252
chanel,2018,fall,59,153,158,158,252
chanel,2018,fall,59,33,34,30,252
chanel,2019,spring,64,175,161,162,237
chanel,2019,spring,64,159,109,97,250
chanel,2019,spring,64,216,214,223,252
chanel,2019,spring,64,203,172,166,250
chanel,2019,spring,74,103,81,81,250
chanel,2019,spring,74,219,158,144,253
chanel,2019,spring,74,162,112,99,252
chanel,2019,spring,74,34,28,34,253
chanel,2020,fall,11,241,207,176,253
chanel,2020,fall,11,80,55,48,253
chanel,2020,fall,11,98,84,78,250
chanel,2020,fall,11,26,28,30,253
chanel,2020,fall,73,213,167,144,253
chanel,2020,fall,73,157,159,159,246
chanel,2020,fall,73,92,91,87,252
chanel,2020,fall,73,30,34,36,254
chanel,2019,spring,4,220,206,210,253
chanel,2019,spring,4,209,172,167,253
chanel,2019,spring,4,170,160,169,251
chanel,2019,spring,4,21,18,24,253
chanel,2020,fall,63,240,205,179,253
chanel,2020,fall,63,210,172,150,253
chanel,2020,fall,63,88,86,86,252
chanel,2020,fall,63,12,18,19,253
chanel,2019,spring,16,167,203,210,253
chanel,2019,spring,16,103,157,166,251
chanel,2019,spring,16,219,216,225,253
chanel,2019,spring,16,156,166,172,249
chanel,2018,fall,82,99,89,80,250
chanel,2018,fall,82,86,71,56,248
chanel,2018,fall,82,71,56,45,250
chanel,2018,fall,82,15,14,14,253
chanel,2020,spring,60,215,175,159,253
chanel,2020,spring,60,42,49,81,253
chanel,2020,spring,60,225,220,220,253
chanel,2020,spring,60,34,36,45,253
chanel,2019,fall,39,217,89,174,254
chanel,2019,fall,39,94,91,91,252
chanel,2019,fall,39,226,224,221,254
chanel,2019,fall,39,41,40,45,253
chanel,2019,fall,29,162,159,162,252
chanel,2019,fall,29,28,33,43,253
chanel,2019,fall,29,223,222,221,253
chanel,2019,fall,29,93,92,98,252
chanel,2020,spring,70,218,171,151,253
chanel,2020,spring,70,37,33,33,253
chanel,2020,spring,70,232,232,233,253
chanel,2020,spring,70,150,104,87,252
chanel,2020,spring,84,79,83,91,252
chanel,2020,spring,84,28,29,31,153
chanel,2020,spring,84,20,23,26,253
chanel,2018,spring,21,103,151,156,253
chanel,2018,spring,21,40,55,70,253
chanel,2018,spring,21,227,222,218,253
chanel,2018,spring,21,23,34,42,253
chanel,2018,spring,31,217,221,224,253
chanel,2018,spring,31,95,95,90,253
chanel,2018,spring,31,38,39,38,253
chanel,2018,spring,31,163,162,159,251
chanel,2021,spring,57,224,223,224,254
chanel,2021,spring,57,182,153,142,249
chanel,2021,spring,57,175,137,118,252
chanel,2021,spring,57,205,170,152,253
chanel,2018,fall,76,241,101,146,253
chanel,2018,fall,76,237,223,217,253
chanel,2018,fall,76,222,167,161,253
chanel,2018,fall,76,29,28,30,253
chanel,2018,spring,88,219,197,182,253
chanel,2018,spring,88,207,177,160,253
chanel,2018,spring,88,221,220,222,253
chanel,2018,spring,88,178,162,153,245
chanel,2018,fall,66,226,229,230,254
chanel,2018,fall,66,163,165,162,252
chanel,2018,fall,66,96,93,94,252
chanel,2018,fall,66,18,17,17,253
chanel,2019,fall,64,220,175,156,253
chanel,2019,fall,64,211,197,185,253
chanel,2019,fall,64,224,226,224,253
chanel,2019,fall,64,174,172,165,246
chanel,2019,fall,16,93,91,92,252
chanel,2019,fall,16,29,33,36,253
chanel,2019,fall,16,210,170,151,253
chanel,2019,fall,16,160,158,157,252
chanel,2019,spring,80,217,165,157,253
chanel,2019,spring,80,72,53,56,252
chanel,2019,spring,80,95,78,82,252
chanel,2019,spring,80,36,32,39,253
chanel,2021,spring,2,95,89,95,253
chanel,2021,spring,2,36,33,38,253
chanel,2021,spring,2,209,162,155,253
chanel,2021,spring,2,159,152,159,253
chanel,2018,fall,14,55,71,81,254
chanel,2018,fall,14,30,37,42,253
chanel,2018,fall,14,80,92,101,253
chanel,2018,fall,14,46,58,69,254
chanel,2021,spring,25,226,219,231,253
chanel,2021,spring,25,244,148,208,253
chanel,2021,spring,25,181,136,117,253
chanel,2021,spring,25,156,110,95,252
chanel,2021,spring,35,220,223,221,253
chanel,2021,spring,35,178,135,117,253
chanel,2021,spring,35,28,31,36,253
chanel,2021,spring,35,167,118,103,252
chanel,2018,spring,43,215,214,211,253
chanel,2018,spring,43,207,196,185,253
chanel,2018,spring,43,203,182,170,253
chanel,2018,spring,43,174,168,159,251
chanel,2018,spring,53,209,219,225,253
chanel,2018,spring,53,203,171,157,253
chanel,2018,spring,53,175,202,217,253
chanel,2018,spring,53,150,182,203,253
chanel,2019,spring,39,243,231,150,253
chanel,2019,spring,39,166,107,80,253
chanel,2019,spring,39,240,232,207,253
chanel,2019,spring,39,239,220,107,253
chanel,2019,spring,29,227,217,225,253
chanel,2019,spring,29,208,159,161,253
chanel,2019,spring,29,201,137,116,253
chanel,2019,spring,29,165,109,94,252
chanel,2018,fall,42,147,109,96,252
chanel,2018,fall,42,98,89,83,253
chanel,2018,fall,42,39,35,33,253
chanel,2018,fall,42,77,52,44,252
chanel,2018,fall,52,163,163,158,252
chanel,2018,fall,52,36,33,30,253
chanel,2018,fall,52,219,218,216,253
chanel,2018,fall,52,93,94,91,253
chanel,2020,spring,3,228,219,222,253
chanel,2020,spring,3,220,167,159,254
chanel,2020,spring,3,33,29,30,253
chanel,2020,spring,3,86,40,44,253
chanel,2021,spring,63,206,213,222,249
chanel,2021,spring,63,169,159,161,231
chanel,2021,spring,63,24,23,29,249
chanel,2021,spring,63,149,116,109,253
chanel,2019,fall,50,223,225,227,253
chanel,2019,fall,50,151,101,85,253
chanel,2019,fall,50,168,166,166,247
chanel,2019,fall,50,31,36,42,252
chanel,2019,fall,40,172,11,82,252
chanel,2019,fall,40,239,86,166,253
chanel,2019,fall,40,233,52,142,254
chanel,2019,fall,40,214,22,112,254
chanel,2020,spring,19,241,215,211,253
chanel,2020,spring,19,221,173,164,253
chanel,2020,spring,19,29,25,27,253
chanel,2020,spring,19,102,86,86,251
chanel,2018,spring,15,157,161,164,252
chanel,2018,spring,15,209,174,156,253
chanel,2018,spring,15,208,214,220,253
chanel,2018,spring,15,92,98,102,252
chanel,2018,spring,77,216,219,219,253
chanel,2018,spring,77,184,199,203,253
chanel,2018,spring,77,207,176,159,253
chanel,2018,spring,77,169,168,163,251
chanel,2018,spring,67,225,169,167,253
chanel,2018,spring,67,235,204,203,253
chanel,2018,spring,67,229,194,186,253
chanel,2018,spring,67,163,106,100,249
chanel,2020,fall,68,229,225,220,252
chanel,2020,fall,68,209,177,158,253
chanel,2020,fall,68,173,168,163,246
chanel,2020,fall,68,100,98,97,249
chanel,2019,fall,32,89,91,100,251
chanel,2019,fall,32,220,218,215,253
chanel,2019,fall,32,161,160,162,251
chanel,2019,fall,32,26,32,41,251
chanel,2019,fall,22,208,169,151,253
chanel,2019,fall,22,165,161,157,251
chanel,2019,fall,22,27,27,28,253
chanel,2019,fall,22,218,220,219,253
chanel,2021,spring,11,226,185,196,253
chanel,2021,spring,11,210,169,171,253
chanel,2021,spring,11,89,89,97,253
chanel,2021,spring,11,26,26,31,253
chanel,2018,fall,20,59,67,69,254
chanel,2018,fall,20,82,76,54,248
chanel,2018,fall,20,80,86,81,252
chanel,2018,fall,20,37,40,39,253
chanel,2018,fall,30,92,47,37,252
chanel,2018,fall,30,151,104,87,252
chanel,2018,fall,30,113,88,77,252
chanel,2018,fall,30,108,72,54,252
chanel,2018,spring,5,88,101,103,250
chanel,2018,spring,5,162,158,158,252
chanel,2018,spring,5,32,90,91,251
chanel,2018,spring,5,14,42,38,243
chanel,2020,fall,25,92,93,92,252
chanel,2020,fall,25,222,224,222,253
chanel,2020,fall,25,159,160,159,253
chanel,2020,fall,25,29,30,32,253
chanel,2020,fall,35,166,163,157,252
chanel,2020,fall,35,98,95,92,253
chanel,2020,fall,35,36,37,37,253
chanel,2020,fall,35,226,224,217,253
chanel,2020,fall,7,234,227,215,253
chanel,2020,fall,7,97,89,85,252
chanel,2020,fall,7,30,31,32,253
chanel,2020,fall,7,215,170,151,253
chanel,2019,spring,50,22,27,46,253
chanel,2019,spring,50,204,158,153,253
chanel,2019,spring,50,85,82,103,252
chanel,2019,spring,50,39,46,74,253
chanel,2019,spring,40,233,223,203,253
chanel,2019,spring,40,207,173,148,252
chanel,2019,spring,40,159,107,88,252
chanel,2019,spring,40,227,212,170,253
chanel,2020,spring,36,234,229,227,253
chanel,2020,spring,36,53,89,139,254
chanel,2020,spring,36,43,71,114,253
chanel,2020,spring,36,36,30,32,253
chanel,2020,spring,26,28,27,30,251
chanel,2020,spring,26,222,222,224,253
chanel,2020,spring,26,159,158,160,244
chanel,2020,spring,26,88,88,89,101
chanel,2018,spring,83,158,159,155,179
chanel,2018,spring,83,215,216,216,239
chanel,2018,spring,83,205,172,158,250
chanel,2018,spring,83,178,170,165,223
chanel,2021,spring,9,159,157,166,252
chanel,2021,spring,9,97,93,95,251
chanel,2021,spring,9,215,216,224,254
chanel,2021,spring,9,26,26,29,253
chanel,2020,spring,54,44,51,71,254
chanel,2020,spring,54,220,172,153,254
chanel,2020,spring,54,84,82,91,252
chanel,2020,spring,54,24,30,42,253
chanel,2020,spring,44,218,213,212,254
chanel,2020,spring,44,217,172,150,253
chanel,2020,spring,44,160,160,165,253
chanel,2020,spring,44,95,92,97,252
chanel,2019,spring,32,158,103,89,253
chanel,2019,spring,32,221,212,217,253
chanel,2019,spring,32,211,162,166,253
chanel,2019,spring,32,171,156,166,251
chanel,2019,spring,22,233,211,216,253
chanel,2019,spring,22,215,165,156,253
chanel,2019,spring,22,200,140,118,253
chanel,2019,spring,22,159,110,97,252
chanel,2020,fall,47,242,219,203,253
chanel,2020,fall,47,89,89,87,252
chanel,2020,fall,47,231,202,180,253
chanel,2020,fall,47,24,26,28,253
chanel,2020,fall,57,235,233,227,254
chanel,2020,fall,57,214,177,152,253
chanel,2020,fall,57,171,165,159,252
chanel,2020,fall,57,229,200,175,253
chanel,2018,spring,48,209,175,156,253
chanel,2018,spring,48,151,163,165,251
chanel,2018,spring,48,109,144,153,253
chanel,2018,spring,48,87,102,106,252
chanel,2018,spring,58,157,159,165,251
chanel,2018,spring,58,89,115,145,253
chanel,2018,spring,58,84,87,102,252
chanel,2018,spring,58,208,172,154,253
chanel,2018,fall,80,94,85,81,253
chanel,2018,fall,80,230,198,177,253
chanel,2018,fall,80,214,174,152,253
chanel,2018,fall,80,34,32,31,253
chanel,2019,spring,14,165,175,207,253
chanel,2019,spring,14,158,111,99,252
chanel,2019,spring,14,211,212,229,253
chanel,2019,spring,14,161,154,167,251
chanel,2018,fall,8,158,158,153,253
chanel,2018,fall,8,101,96,89,253
chanel,2018,fall,8,73,54,45,252
chanel,2018,fall,8,43,36,30,252
chanel,2020,fall,61,230,214,206,253
chanel,2020,fall,61,207,180,162,253
chanel,2020,fall,61,94,92,93,251
chanel,2020,fall,61,13,20,22,253
chanel,2019,spring,6,210,151,142,253
chanel,2019,spring,6,161,111,99,252
chanel,2019,spring,6,228,228,242,253
chanel,2019,spring,6,24,22,28,253
chanel,2020,fall,71,41,43,44,251
chanel,2020,fall,71,229,226,224,253
chanel,2020,fall,71,208,180,165,253
chanel,2020,fall,71,171,162,158,247
chanel,2020,spring,72,60,59,66,253
chanel,2020,spring,72,159,160,163,248
chanel,2020,spring,72,80,78,83,251
chanel,2020,spring,72,35,34,38,253
chanel,2020,spring,62,215,215,218,253
chanel,2020,spring,62,90,89,92,252
chanel,2020,spring,62,166,164,167,248
chanel,2020,spring,62,30,30,35,253
chanel,2021,spring,18,205,169,163,253
chanel,2021,spring,18,25,27,31,253
chanel,2021,spring,18,202,22,41,254
chanel,2021,spring,18,175,12,32,253
chanel,2018,fall,39,228,219,213,253
chanel,2018,fall,39,42,43,44,253
chanel,2018,fall,39,161,156,151,253
chanel,2018,fall,39,93,90,88,253
chanel,2018,fall,29,223,163,151,253
chanel,2018,fall,29,210,141,112,253
chanel,2018,fall,29,157,107,86,253
chanel,2018,fall,29,86,51,35,253
chanel,2019,fall,49,81,81,82,101
chanel,2019,fall,49,224,214,216,253
chanel,2019,fall,49,29,32,35,252
chanel,2020,spring,10,159,93,97,253
chanel,2020,spring,10,98,85,92,251
chanel,2020,spring,10,85,41,48,253
chanel,2020,spring,10,30,26,29,253
chanel,2019,fall,59,238,197,177,253
chanel,2019,fall,59,24,29,32,252
chanel,2019,fall,59,219,174,153,253
chanel,2019,fall,59,93,90,88,241
chanel,2020,fall,13,229,226,219,252
chanel,2020,fall,13,100,100,100,109
chanel,2020,fall,13,10,13,13,253
chanel,2019,spring,76,219,157,148,253
chanel,2019,spring,76,166,112,101,252
chanel,2019,spring,76,96,76,79,251
chanel,2019,spring,76,29,24,31,253
chanel,2019,spring,66,53,55,70,252
chanel,2019,spring,66,28,25,31,253
chanel,2019,spring,66,89,78,85,251
chanel,2019,spring,66,82,52,49,252
chanel,2019,fall,9,155,159,159,252
chanel,2019,fall,9,89,93,96,252
chanel,2019,fall,9,26,31,34,252
chanel,2019,fall,9,221,220,216,253
chanel,2021,spring,37,202,163,143,253
chanel,2021,spring,37,22,25,29,252
chanel,2021,spring,37,230,230,232,253
chanel,2021,spring,37,179,136,117,253
chanel,2021,spring,27,207,169,150,253
chanel,2021,spring,27,179,139,116,253
chanel,2021,spring,27,223,222,226,253
chanel,2021,spring,27,170,158,153,249
chanel,2018,fall,16,213,105,6,253
chanel,2018,fall,16,173,87,8,252
chanel,2018,fall,16,81,84,79,250
chanel,2018,fall,16,37,38,39,251
chanel,2019,spring,82,105,66,60,253
chanel,2019,spring,82,102,84,87,252
chanel,2019,spring,82,80,50,49,253
chanel,2019,spring,82,26,22,29,253
chanel,2019,fall,14,217,219,220,253
chanel,2019,fall,14,158,159,160,251
chanel,2019,fall,14,29,33,36,249
chanel,2019,fall,14,94,96,100,247
chanel,2018,spring,51,159,157,164,249
chanel,2018,spring,51,214,218,224,253
chanel,2018,spring,51,178,200,216,253
chanel,2018,spring,51,158,178,204,253
chanel,2018,spring,41,107,99,99,250
chanel,2018,spring,41,220,222,226,253
chanel,2018,spring,41,203,172,161,253
chanel,2018,spring,41,170,164,165,248
chanel,2018,spring,33,204,177,167,253
chanel,2018,spring,33,96,101,103,251
chanel,2018,spring,33,217,216,216,253
chanel,2018,spring,33,165,160,158,251
chanel,2018,spring,23,227,211,204,253
chanel,2018,spring,23,208,175,161,253
chanel,2018,spring,23,174,161,154,249
chanel,2018,spring,23,33,35,38,253
chanel,2019,spring,49,232,209,200,253
chanel,2019,spring,49,225,197,186,254
chanel,2019,spring,49,209,174,162,253
chanel,2019,spring,49,163,112,95,252
chanel,2019,spring,59,178,163,164,248
chanel,2019,spring,59,226,220,227,253
chanel,2019,spring,59,203,162,156,253
chanel,2019,spring,59,160,110,97,251
chanel,2019,fall,66,219,220,219,253
chanel,2019,fall,66,208,172,157,253
chanel,2019,fall,66,175,172,167,249
chanel,2019,fall,66,154,108,96,252
chanel,2018,fall,64,6,69,173,250
chanel,2018,fall,64,2,53,149,253
chanel,2018,fall,64,23,24,32,252
chanel,2018,fall,64,3,34,106,252
chanel,2018,fall,74,223,161,158,253
chanel,2018,fall,74,73,55,45,246
chanel,2018,fall,74,26,25,25,253
chanel,2018,fall,74,236,220,211,253
chanel,2021,spring,55,207,165,152,253
chanel,2021,spring,55,178,135,121,253
chanel,2021,spring,55,174,147,140,250
chanel,2021,spring,55,29,28,32,253
chanel,2021,spring,45,218,218,220,247
chanel,2021,spring,45,204,160,148,253
chanel,2021,spring,45,156,112,102,251
chanel,2021,spring,45,23,24,29,253
chanel,2020,spring,63,160,159,160,252
chanel,2020,spring,63,26,27,31,253
chanel,2020,spring,63,219,218,219,253
chanel,2020,spring,63,93,92,93,249
chanel,2020,spring,73,218,175,151,253
chanel,2020,spring,73,237,200,178,254
chanel,2020,spring,73,86,86,89,249
chanel,2020,spring,73,23,24,27,253
chanel,2018,fall,28,81,81,81,250
chanel,2018,fall,28,27,27,28,253
chanel,2018,fall,28,220,172,148,253
chanel,2018,fall,28,163,36,36,253
chanel,2018,fall,38,228,217,209,253
chanel,2018,fall,38,90,89,88,253
chanel,2018,fall,38,160,156,151,253
chanel,2018,fall,38,40,40,40,253
chanel,2021,spring,19,82,81,87,252
chanel,2021,spring,19,31,33,38,253
chanel,2021,spring,19,211,160,140,253
chanel,2021,spring,19,57,58,67,253
chanel,2018,fall,81,248,167,205,253
chanel,2018,fall,81,240,217,212,253
chanel,2018,fall,81,223,161,163,252
chanel,2018,fall,81,32,31,32,253
chanel,2020,fall,70,222,221,220,251
chanel,2020,fall,70,168,157,156,251
chanel,2020,fall,70,92,87,84,241
chanel,2020,fall,70,212,176,156,253
chanel,2019,spring,7,93,87,95,253
chanel,2019,spring,7,28,25,32,254
chanel,2019,spring,7,226,224,230,254
chanel,2019,spring,7,158,152,160,253
chanel,2020,fall,60,144,107,97,253
chanel,2020,fall,60,26,29,30,252
chanel,2020,fall,60,229,228,223,252
chanel,2020,fall,60,102,82,76,251
chanel,2018,fall,9,96,89,81,253
chanel,2018,fall,9,79,69,57,253
chanel,2018,fall,9,69,57,48,253
chanel,2018,fall,9,44,37,31,253
chanel,2019,spring,15,153,113,107,252
chanel,2019,spring,15,108,97,101,251
chanel,2019,spring,15,213,158,152,253
chanel,2019,spring,15,164,152,151,253
chanel,2019,spring,67,225,221,228,254
chanel,2019,spring,67,32,29,35,253
chanel,2019,spring,67,157,102,85,253
chanel,2019,spring,67,93,86,93,252
chanel,2019,spring,77,85,79,86,250
chanel,2019,spring,77,213,164,158,252
chanel,2019,spring,77,158,110,94,246
chanel,2019,spring,77,35,32,38,253
chanel,2020,fall,12,223,219,165,253
chanel,2020,fall,12,79,53,43,253
chanel,2020,fall,12,37,37,35,252
chanel,2020,fall,12,174,160,105,252
chanel,2019,fall,58,23,29,32,251
chanel,2019,fall,58,226,220,217,253
chanel,2019,fall,58,86,92,94,252
chanel,2019,fall,48,239,77,47,253
chanel,2019,fall,48,171,161,161,249
chanel,2019,fall,48,231,30,23,254
chanel,2019,fall,48,226,222,224,253
chanel,2020,spring,11,225,215,216,253
chanel,2020,spring,11,220,167,157,253
chanel,2020,spring,11,154,104,91,252
chanel,2020,spring,11,33,30,35,252
chanel,2018,spring,40,204,169,153,252
chanel,2018,spring,40,175,137,118,250
chanel,2018,spring,40,174,161,155,245
chanel,2018,spring,40,221,222,223,253
chanel,2018,spring,50,176,201,215,254
chanel,2018,spring,50,150,181,202,253
chanel,2018,spring,50,148,165,173,250
chanel,2018,spring,50,209,222,229,253
chanel,2018,fall,17,246,47,88,253
chanel,2018,fall,17,241,53,38,253
chanel,2018,fall,17,81,49,30,252
chanel,2018,fall,17,34,26,23,253
chanel,2021,spring,26,222,225,234,253
chanel,2021,spring,26,207,162,141,253
chanel,2021,spring,26,154,154,165,252
chanel,2021,spring,26,30,30,35,253
chanel,2019,fall,8,90,93,95,251
chanel,2019,fall,8,31,35,40,253
chanel,2019,fall,8,226,222,218,253
chanel,2021,spring,36,221,217,216,247
chanel,2021,spring,36,34,33,35,249
chanel,2021,spring,36,206,166,152,251
chanel,2021,spring,36,179,162,155,234
chanel,2019,fall,15,213,175,153,253
chanel,2019,fall,15,92,89,91,250
chanel,2019,fall,15,155,154,156,250
chanel,2019,fall,15,24,28,32,253
chanel,2021,spring,1,101,91,83,253
chanel,2021,spring,1,206,172,163,253
chanel,2021,spring,1,175,152,142,253
chanel,2021,spring,1,26,26,29,253
chanel,2019,spring,83,233,222,223,251
chanel,2019,spring,83,84,82,99,252
chanel,2019,spring,83,39,54,75,250
chanel,2019,spring,83,21,22,33,253
chanel,2019,fall,67,216,179,164,253
chanel,2019,fall,67,177,171,163,245
chanel,2019,fall,67,223,224,222,253
chanel,2019,fall,67,222,196,184,253
chanel,2021,spring,44,226,223,222,253
chanel,2021,spring,44,158,115,106,253
chanel,2021,spring,44,201,164,152,253
chanel,2021,spring,44,176,152,146,251
chanel,2021,spring,54,226,197,183,253
chanel,2021,spring,54,91,85,89,253
chanel,2021,spring,54,211,174,156,253
chanel,2021,spring,54,30,30,34,253
chanel,2018,fall,75,145,113,92,246
chanel,2018,fall,75,96,85,78,251
chanel,2018,fall,75,71,56,48,249
chanel,2018,fall,75,27,26,26,252
chanel,2018,fall,65,3,155,103,253
chanel,2018,fall,65,220,218,211,252
chanel,2018,fall,65,97,90,85,252
chanel,2018,fall,65,32,32,31,253
chanel,2018,spring,22,205,171,163,253
chanel,2018,spring,22,170,154,149,249
chanel,2018,spring,22,88,88,85,253
chanel,2018,spring,22,32,32,31,253
chanel,2018,spring,32,29,33,34,254
chanel,2018,spring,32,205,170,157,253
chanel,2018,spring,32,169,154,151,251
chanel,2018,spring,32,95,92,91,252
chanel,2019,spring,58,170,161,169,249
chanel,2019,spring,58,218,214,224,253
chanel,2019,spring,58,169,176,205,253
chanel,2019,spring,58,153,102,84,253
chanel,2019,spring,48,210,158,136,253
chanel,2019,spring,48,200,142,120,253
chanel,2019,spring,48,182,136,114,253
chanel,2019,spring,48,165,112,95,251
chanel,2018,spring,14,205,173,157,253
chanel,2018,spring,14,179,201,214,253
chanel,2018,spring,14,214,224,230,253
chanel,2018,spring,14,163,158,159,251
chanel,2021,spring,62,201,169,162,254
chanel,2021,spring,62,178,149,142,252
chanel,2021,spring,62,105,88,86,245
chanel,2021,spring,62,16,18,24,253
chanel,2020,spring,2,229,213,203,251
chanel,2020,spring,2,218,173,157,253
chanel,2020,spring,2,77,51,39,253
chanel,2020,spring,2,24,24,27,253
chanel,2018,fall,53,179,163,142,252
chanel,2018,fall,53,166,143,113,252
chanel,2018,fall,53,217,200,178,253
chanel,2018,fall,53,203,180,154,253
chanel,2018,fall,43,156,159,155,252
chanel,2018,fall,43,223,222,215,253
chanel,2018,fall,43,90,92,92,253
chanel,2018,fall,43,39,40,41,253
chanel,2019,fall,41,219,221,220,253
chanel,2019,fall,41,171,171,169,247
chanel,2019,fall,41,27,169,213,253
chanel,2019,fall,41,81,182,219,253
chanel,2020,spring,18,224,223,225,253
chanel,2020,spring,18,164,159,161,252
chanel,2020,spring,18,99,93,95,252
chanel,2020,spring,18,27,23,24,251
chanel,2019,fall,51,203,165,148,253
chanel,2019,fall,51,226,228,233,253
chanel,2019,fall,51,172,158,156,249
chanel,2019,fall,51,35,34,34,251
chanel,2019,fall,23,215,217,215,253
chanel,2019,fall,23,172,141,117,253
chanel,2019,fall,23,171,165,158,252
chanel,2019,fall,23,204,172,148,253
chanel,2019,fall,33,155,105,83,253
chanel,2019,fall,33,22,33,49,253
chanel,2019,fall,33,203,174,149,253
chanel,2019,fall,33,33,46,68,253
chanel,2018,fall,31,47,25,20,253
chanel,2018,fall,31,149,94,85,252
chanel,2018,fall,31,110,82,74,252
chanel,2018,fall,31,88,46,41,253
chanel,2018,fall,21,87,85,83,250
chanel,2018,fall,21,30,31,29,253
chanel,2018,fall,21,163,156,151,252
chanel,2021,spring,10,228,209,222,253
chanel,2021,spring,10,210,167,168,254
chanel,2021,spring,10,87,89,100,253
chanel,2021,spring,10,22,26,31,254
chanel,2018,spring,66,223,217,220,253
chanel,2018,spring,66,209,171,159,253
chanel,2018,spring,66,174,157,156,250
chanel,2018,spring,66,159,114,95,252
chanel,2018,spring,76,206,173,160,253
chanel,2018,spring,76,90,89,91,250
chanel,2018,spring,76,169,154,150,250
chanel,2018,spring,76,31,32,35,253
chanel,2020,fall,69,209,197,181,253
chanel,2020,fall,69,230,228,223,253
chanel,2020,fall,69,205,180,161,253
chanel,2020,fall,69,169,166,163,249
chanel,2020,spring,27,154,105,84,252
chanel,2020,spring,27,27,27,30,253
chanel,2020,spring,27,84,46,36,253
chanel,2020,spring,27,83,82,86,253
chanel,2020,spring,37,223,227,231,253
chanel,2020,spring,37,218,169,150,253
chanel,2020,spring,37,29,49,89,253
chanel,2020,spring,37,23,25,34,252
chanel,2018,spring,82,213,213,214,247
chanel,2018,spring,82,178,159,153,246
chanel,2018,spring,82,156,113,92,251
chanel,2018,spring,82,204,168,152,252
chanel,2018,spring,4,37,89,91,253
chanel,2018,spring,4,173,210,219,253
chanel,2018,spring,4,151,164,166,251
chanel,2018,spring,4,106,150,159,253
chanel,2019,spring,41,227,217,211,253
chanel,2019,spring,41,160,111,95,252
chanel,2019,spring,41,223,208,171,253
chanel,2019,spring,41,204,178,158,252
chanel,2019,spring,51,216,171,161,253
chanel,2019,spring,51,240,214,209,253
chanel,2019,spring,51,160,106,89,252
chanel,2019,spring,51,40,32,37,252
chanel,2020,fall,6,208,53,74,254
chanel,2020,fall,6,168,29,51,253
chanel,2020,fall,6,241,88,101,253
chanel,2020,fall,6,17,22,27,253
chanel,2020,fall,34,232,201,165,253
chanel,2020,fall,34,26,27,26,253
chanel,2020,fall,34,216,176,145,253
chanel,2020,fall,34,232,229,219,253
chanel,2020,fall,24,98,97,95,252
chanel,2020,fall,24,213,214,211,254
chanel,2020,fall,24,165,164,162,253
chanel,2020,fall,24,26,26,26,253
chanel,2020,fall,56,89,85,82,250
chanel,2020,fall,56,17,25,24,253
chanel,2020,fall,56,244,206,172,253
chanel,2020,fall,56,222,176,145,253
chanel,2020,fall,46,210,171,153,252
chanel,2020,fall,46,165,161,156,249
chanel,2020,fall,46,90,87,85,251
chanel,2020,fall,46,24,26,27,253
chanel,2019,spring,23,224,215,228,252
chanel,2019,spring,23,209,161,157,250
chanel,2019,spring,23,173,154,161,238
chanel,2019,spring,23,164,110,102,252
chanel,2019,spring,33,218,209,228,253
chanel,2019,spring,33,106,81,90,251
chanel,2019,spring,33,37,29,33,247
chanel,2019,spring,33,156,104,90,253
chanel,2018,spring,59,109,139,169,253
chanel,2018,spring,59,19,51,82,253
chanel,2018,spring,59,17,29,43,253
chanel,2018,spring,59,84,116,148,253
chanel,2018,spring,49,175,201,214,254
chanel,2018,spring,49,150,182,202,254
chanel,2018,spring,49,147,164,171,252
chanel,2018,spring,49,110,146,165,253
chanel,2019,fall,1,93,95,95,252
chanel,2019,fall,1,222,222,220,254
chanel,2019,fall,1,163,162,161,253
chanel,2019,fall,1,31,34,37,253
chanel,2020,spring,45,220,173,149,253
chanel,2020,spring,45,163,161,161,250
chanel,2020,spring,45,224,222,221,252
chanel,2020,spring,45,40,34,32,253
chanel,2020,spring,55,44,51,71,254
chanel,2020,spring,55,152,108,86,252
chanel,2020,spring,55,90,86,92,252
chanel,2020,spring,55,26,30,41,253
chanel,2021,spring,8,206,171,151,253
chanel,2021,spring,8,156,154,153,252
chanel,2021,spring,8,90,90,92,253
chanel,2021,spring,8,31,30,32,253
